id,Developer,Ownership,Built-up Area,Usage,Balcony Size,Total Building Area,Parking Availability
8264917,TAMEER HOLDING INVESTMENT   (LLC),Freehold,"1,183 sqft",Residential,114 sqft,"1,097,409 sqft",Yes
8284664,EMAAR DEVELOPMENT P.J.S.C.,Freehold,"3,965 sqft",Other,"1,392 sqft","1,403,598 sqft",Yes
7997869,TAMEER HOLDING INVESTMENT   (LLC),Freehold,"1,183 sqft",Residential,114 sqft,"1,097,409 sqft",Yes
8383617,NA,Freehold,517 sqft,Residential,103 sqft,"439,936 sqft",Yes
8433157,SELECT GLOBAL DEVELOPMENT L.L.C,Freehold,661 sqft,Residential,36 sqft,"255,330 sqft",Yes
8538497,CAYAN REAL ESTATE INVESTMENT & DEVELOPMENT L.L.C,Freehold,"1,255 sqft",Residential,35 sqft,"720,602 sqft",Yes
8509563,NA,Freehold,"1,702 sqft",Residential,198 sqft,"211,465 sqft",Yes
8118386,NA,Freehold,"1,185 sqft",Residential,90 sqft,"179,561 sqft",Yes
8536701,NA,Freehold,"2,587 sqft",Residential,350 sqft,"1,326,014 sqft",Yes
7876031,L I V REAL ESTATE DEVELOPMENT L.L.C,NA,NA,NA,NA,NA,NA
8166319,SELECT GLOBAL DEVELOPMENT L.L.C,Freehold,"1,516 sqft",Residential,223 sqft,"1,403,677 sqft",Yes
8177994,TEBYAN REAL ESTATE DEVELOPMENT ENTERPRISES (LLC),Freehold,"1,525 sqft",Residential,237 sqft,"107,473 sqft",Yes
8370937,EMAAR DEVELOPMENT P.J.S.C.,Freehold,"1,087 sqft",Other,102 sqft,"1,403,598 sqft",Yes
8454240,SCOPE INVESTMENT L L C - DUBAI BRANCH,Freehold,"1,868 sqft",Other,266 sqft,"940,502 sqft",Yes
8536387,NA,Freehold,"1,702 sqft",Residential,198 sqft,"211,465 sqft",Yes
8158061,NA,NA,NA,NA,NA,"153,653 sqft",NA
8201600,ZENICA PROPERTY DEVELOPMENT L.L.C,NA,NA,NA,NA,"1,908,955 sqft",NA
8202039,ZENICA PROPERTY DEVELOPMENT L.L.C,NA,NA,NA,NA,"1,908,955 sqft",NA
8202038,ZENICA PROPERTY DEVELOPMENT L.L.C,NA,NA,NA,NA,"1,908,955 sqft",NA
8496358,EMAAR DEVELOPMENT P.J.S.C.,Freehold,"1,234 sqft",Other,155 sqft,"1,403,598 sqft",Yes
8428787,BAY CENTRAL DEVELOPMENTS LIMITED,Freehold,835 sqft,Residential,245 sqft,"277,517 sqft",Yes
8125207,NA,Freehold,"2,205 sqft",Residential,175 sqft,"330,196 sqft",Yes
8512051,EMAAR PROPERTIES (P.J.S.C),NA,NA,NA,NA,"1,133,555 sqft",NA
8522755,TAMEER HOLDING INVESTMENT   (LLC),Freehold,"1,331 sqft",Residential,37 sqft,"925,527 sqft",Yes
8426024,NA,Freehold,"1,410 sqft",Residential,75 sqft,"207,736 sqft",Yes
8369572,EMAAR DEVELOPMENT P.J.S.C.,Freehold,"1,152 sqft",Other,123 sqft,"1,403,598 sqft",Yes
8433264,SCOPE INVESTMENT L L C - DUBAI BRANCH,Freehold,"1,383 sqft",Other,194 sqft,"940,502 sqft",Yes
8486453,DAMAC PROPERTIES CO (L.L.C),Freehold,"1,851 sqft",Residential,146 sqft,"810,161 sqft",Yes
8512623,EMAAR PROPERTIES (P.J.S.C),NA,NA,NA,NA,"1,133,555 sqft",NA
8507372,ZENICA PROPERTY DEVELOPMENT L.L.C,NA,NA,NA,NA,"1,908,955 sqft",NA
8320244,EMAAR DEVELOPMENT P.J.S.C.,Freehold,"1,095 sqft",Other,102 sqft,"1,403,598 sqft",Yes
8058551,SELECT GLOBAL DEVELOPMENT L.L.C,Freehold,714 sqft,Residential,62 sqft,"264,403 sqft",Yes
8110034,TRIDENT INTERNATIONAL HOLDING (FZCO),Freehold,"4,774 sqft",Residential,"1,934 sqft","469,357 sqft",Yes
8373001,NA,Freehold,"1,371 sqft",Residential,158 sqft,"211,465 sqft",Yes
8443128,HIRCON INTERNATIONAL L.L.C,Freehold,"2,980 sqft",Residential,365 sqft,"886,537 sqft",Yes
8296036,AL SAYYAH & SONS INVESTMENT (L.L.C.),Freehold,967 sqft,Residential,87 sqft,"846,914 sqft",Yes
8308351,NA,NA,NA,NA,NA,"925,527 sqft",NA
8213579,WEST AVENUE LIMITED,Freehold,"1,331 sqft",Residential,180 sqft,"267,598 sqft",Yes
8468750,EMAAR DEVELOPMENT P.J.S.C.,Freehold,"2,307 sqft",Other,223 sqft,"1,403,598 sqft",Yes
8499774,MARINA 3K LIMITED,Freehold,"1,386 sqft",Residential,446 sqft,"129,369 sqft",Yes
8505143,NA,Freehold,"1,979 sqft",Residential,115 sqft,"133,898 sqft",Yes
8508132,AL SAYYAH & SONS INVESTMENT (L.L.C.),Freehold,910 sqft,Residential,98 sqft,"846,914 sqft",Yes
8486367,NA,NA,NA,NA,NA,"370,407 sqft",NA
8090851,NA,Freehold,"1,797 sqft",Residential,176 sqft,"133,898 sqft",Yes
8377156,NA,NA,NA,NA,NA,"1,379,605 sqft",NA
8454831,TORCH SELECT LIMITED,Freehold,"1,258 sqft",Other,78 sqft,"852,218 sqft",Yes
8205691,SCOPE INVESTMENT L L C - DUBAI BRANCH,Freehold,"1,529 sqft",Other,192 sqft,"940,502 sqft",Yes
8196438,L I V REAL ESTATE DEVELOPMENT L.L.C,NA,NA,NA,NA,NA,NA
8197533,ZENICA PROPERTY DEVELOPMENT L.L.C,NA,NA,NA,NA,"1,908,955 sqft",NA
8424584,NA,Freehold,"1,898 sqft",Residential,74 sqft,"269,282 sqft",Yes
8463308,DAMAC GULF PROPERTIES (L.L.C),Freehold,"1,512 sqft",Residential,172 sqft,"884,073 sqft",Yes
8009124,DAMAC GULF PROPERTIES (L.L.C),Freehold,848 sqft,Residential,131 sqft,"884,073 sqft",Yes
8430798,SELECT GLOBAL DEVELOPMENT L.L.C,Freehold,"1,396 sqft",Residential,109 sqft,"610,210 sqft",Yes
8501721,SELECT GLOBAL DEVELOPMENT L.L.C,Freehold,"1,812 sqft",Residential,216 sqft,"703,394 sqft",Yes
8444495,SELECT GLOBAL DEVELOPMENT L.L.C,Freehold,591 sqft,Residential,102 sqft,"264,403 sqft",Yes
8305871,TAMEER HOLDING INVESTMENT   (LLC),Freehold,960 sqft,Residential,35 sqft,"925,527 sqft",Yes
8248536,L I V REAL ESTATE DEVELOPMENT L.L.C,Freehold,919 sqft,Residential,119 sqft,"427,447 sqft",Yes
8476557,SELECT GLOBAL DEVELOPMENT L.L.C,Freehold,"1,204 sqft",Residential,153 sqft,"703,394 sqft",Yes
6976321,NA,Freehold,"1,391 sqft",Other,208 sqft,"439,936 sqft",Yes
8352021,NA,Freehold,"1,944 sqft",Other,127 sqft,"321,210 sqft",Yes
8427309,ZUMURUD REAL ESTATE - sole proprietorship L.L.C,Freehold,866 sqft,Residential,92 sqft,"279,413 sqft",Yes
8006880,MARINA LIV DEVELOPMENT (Br of MARINA 2 GROUP LIMITED ) - DUBAI BRANCH,NA,NA,NA,NA,NA,NA
8290256,T F G REAL ESTATE L.L.C,NA,NA,NA,NA,"1,363,152 sqft",NA
8014737,NA,Freehold,"2,619 sqft",Residential,350 sqft,"1,326,014 sqft",Yes
8057724,T F G REAL ESTATE L.L.C,NA,NA,NA,NA,"1,363,152 sqft",NA
8248295,DAMAC GULF PROPERTIES (L.L.C),Freehold,951 sqft,Residential,149 sqft,"884,073 sqft",Yes
8425892,NA,Freehold,"1,350 sqft",Residential,74 sqft,"207,736 sqft",Yes
8221869,NA,Freehold,777 sqft,Residential,48 sqft,"177,922 sqft",Yes
7325333,EMAAR PROPERTIES (P.J.S.C),Freehold,548 sqft,Residential,59 sqft,"1,565,456 sqft",NA
8401578,DAMAC PROPERTIES CO (L.L.C),Freehold,"1,192 sqft",Residential,218 sqft,"810,161 sqft",Yes
8452491,EMAAR DEVELOPMENT P.J.S.C.,Freehold,"1,653 sqft",Other,134 sqft,"1,403,598 sqft",Yes
7963766,NA,Freehold,700 sqft,Residential,129 sqft,"439,936 sqft",Yes
8227536,TIGER PROPERTIES,Freehold,801 sqft,Residential,115 sqft,"849,284 sqft",Yes
8455995,NA,Freehold,"1,491 sqft",Residential,193 sqft,"216,192 sqft",Yes
8458676,DAMAC PROPERTIES CO (L.L.C),Freehold,"1,537 sqft",Residential,146 sqft,"810,161 sqft",Yes
8219045,NA,Freehold,"1,224 sqft",Residential,173 sqft,"170,941 sqft",Yes
8158259,NA,NA,NA,NA,NA,"884,073 sqft",NA
8462802,CAYAN REAL ESTATE INVESTMENT & DEVELOPMENT L.L.C,Freehold,"1,372 sqft",Residential,38 sqft,"720,602 sqft",Yes
8245363,DREAM ESTATE LIMITED,Freehold,"1,760 sqft",Residential,216 sqft,"689,176 sqft",Yes
8376239,SELECT GLOBAL DEVELOPMENT L.L.C,Freehold,714 sqft,Residential,62 sqft,"264,403 sqft",Yes
8214591,DAMAC GULF PROPERTIES (L.L.C),Freehold,"1,406 sqft",Residential,66 sqft,"884,073 sqft",Yes
8405774,NA,Freehold,891 sqft,Residential,59 sqft,"275,870 sqft",Yes
8438544,CAYAN REAL ESTATE INVESTMENT & DEVELOPMENT L.L.C,Freehold,"1,255 sqft",Residential,35 sqft,"720,602 sqft",Yes
8158081,CAYAN REAL ESTATE INVESTMENT & DEVELOPMENT L.L.C,Freehold,"1,376 sqft",Residential,38 sqft,"720,602 sqft",Yes
8432995,EMAAR DEVELOPMENT P.J.S.C.,Freehold,680 sqft,Residential,85 sqft,"1,465,941 sqft",Yes
8198835,ZENICA PROPERTY DEVELOPMENT L.L.C,NA,NA,NA,NA,"1,908,955 sqft",NA
8198836,ZENICA PROPERTY DEVELOPMENT L.L.C,NA,NA,NA,NA,"1,908,955 sqft",NA
6651560,EMAAR PROPERTIES (P.J.S.C),NA,NA,NA,NA,"1,133,555 sqft",NA
6651559,EMAAR PROPERTIES (P.J.S.C),NA,NA,NA,NA,"1,133,555 sqft",NA
6651484,EMAAR PROPERTIES (P.J.S.C),NA,NA,NA,NA,"1,133,555 sqft",NA
7894440,ZENICA PROPERTY DEVELOPMENT L.L.C,NA,NA,NA,NA,"1,908,955 sqft",NA
8253176,MARINA ARCADE REAL ESTATE (L.L.C),Freehold,"2,410 sqft",Residential,154 sqft,"858,187 sqft",Yes
8253930,MARINA ARCADE REAL ESTATE (L.L.C),Freehold,"2,466 sqft",Residential,171 sqft,"858,187 sqft",Yes
8251403,MARINA ARCADE REAL ESTATE (L.L.C),Freehold,"2,466 sqft",Residential,171 sqft,"858,187 sqft",Yes
8453941,EMAAR PROPERTIES (P.J.S.C),Freehold,865 sqft,Residential,59 sqft,"1,565,456 sqft",NA
8395553,TAMEER HOLDING INVESTMENT   (LLC),Freehold,960 sqft,Residential,42 sqft,"925,527 sqft",Yes
7758770,L I V REAL ESTATE DEVELOPMENT L.L.C,NA,NA,NA,NA,NA,NA
7829719,DEYAAR DEVELOPMENT (P.J.S.C),Freehold,"3,554 sqft",Other,280 sqft,"568,337 sqft",Yes
8045618,EMAAR PROPERTIES (P.J.S.C),Freehold,826 sqft,Residential,47 sqft,"204,945 sqft",Yes
8280253,NA,Freehold,980 sqft,Other,141 sqft,"297,040 sqft",Yes
7638018,EMAAR PROPERTIES (P.J.S.C),NA,NA,NA,NA,"1,133,555 sqft",NA
6236491,EMAAR PROPERTIES (P.J.S.C),NA,NA,NA,NA,"1,133,555 sqft",NA
7621409,L I V REAL ESTATE DEVELOPMENT L.L.C,NA,NA,NA,NA,NA,NA
8223739,GLOBAL GROUP INTERNATIONAL LIMITED,Freehold,813 sqft,Residential,82 sqft,"345,350 sqft",Yes
8204588,EMAAR PROPERTIES (P.J.S.C),Freehold,"1,256 sqft",Residential,112 sqft,"433,754 sqft",Yes
8439017,SELECT GLOBAL DEVELOPMENT L.L.C,Freehold,"1,097 sqft",Residential,119 sqft,"255,330 sqft",Yes
8357641,NA,Freehold,"2,356 sqft",Residential,185 sqft,"498,918 sqft",Yes
8160684,NA,NA,NA,NA,NA,"1,326,014 sqft",NA
8431472,DREAM ESTATE LIMITED,Freehold,"1,779 sqft",Residential,216 sqft,"689,176 sqft",Yes
8427885,GLOBAL GROUP INTERNATIONAL LIMITED,Freehold,808 sqft,Residential,81 sqft,"345,350 sqft",Yes
8410997,DAMAC GULF PROPERTIES (L.L.C),Freehold,"1,328 sqft",Residential,29 sqft,"884,073 sqft",Yes
8268007,SELECT GLOBAL DEVELOPMENT L.L.C,Freehold,"1,424 sqft",Residential,92 sqft,"1,403,677 sqft",Yes
8198266,WEST AVENUE LIMITED,Freehold,789 sqft,Residential,112 sqft,"267,598 sqft",Yes
8425603,DAMAC GULF PROPERTIES (L.L.C),Freehold,825 sqft,Residential,159 sqft,"884,073 sqft",Yes
8322536,EMAAR DEVELOPMENT P.J.S.C.,Freehold,685 sqft,Other,46 sqft,"1,403,598 sqft",Yes
8109536,NA,NA,NA,NA,NA,"1,403,598 sqft",NA
7945989,TEBYAN REAL ESTATE DEVELOPMENT ENTERPRISES (LLC),Freehold,407 sqft,Residential,51 sqft,"107,473 sqft",Yes
8428820,DAMAC PROPERTIES CO (L.L.C),Freehold,878 sqft,Residential,131 sqft,"810,161 sqft",Yes
7881066,CAYAN REAL ESTATE INVESTMENT & DEVELOPMENT L.L.C,Freehold,"1,255 sqft",Residential,35 sqft,"720,602 sqft",Yes
8328529,NA,Freehold,"1,303 sqft",Residential,57 sqft,"283,672 sqft",Yes
8436105,ZENICA PROPERTY DEVELOPMENT L.L.C,NA,NA,NA,NA,"1,908,955 sqft",NA
8415767,T F G REAL ESTATE L.L.C,Freehold,448 sqft,Other,NA,"1,363,152 sqft",NA
8197944,TAMEER HOLDING INVESTMENT   (LLC),Freehold,"1,300 sqft",Residential,52 sqft,"1,097,409 sqft",Yes
8186008,DAMAC PROPERTIES CO (L.L.C),Freehold,"1,192 sqft",Residential,218 sqft,"810,161 sqft",Yes
8320267,SCOPE INVESTMENT L L C - DUBAI BRANCH,Freehold,"1,063 sqft",Other,139 sqft,"940,502 sqft",Yes
8320268,SCOPE INVESTMENT L L C - DUBAI BRANCH,Freehold,"1,536 sqft",Other,168 sqft,"940,502 sqft",Yes
8320248,SCOPE INVESTMENT L L C - DUBAI BRANCH,Freehold,"1,758 sqft",Other,147 sqft,"940,502 sqft",Yes
8348723,CAYAN REAL ESTATE INVESTMENT & DEVELOPMENT L.L.C,Freehold,"1,788 sqft",Residential,157 sqft,"342,968 sqft",Yes
8331310,ZENICA PROPERTY DEVELOPMENT L.L.C,Freehold,"2,696 sqft",Other,738 sqft,"1,908,955 sqft",Yes
6113545,SELECT GLOBAL DEVELOPMENT L.L.C,Freehold,"1,136 sqft",Residential,NA,"255,330 sqft",Yes
5321833,CAYAN REAL ESTATE INVESTMENT & DEVELOPMENT L.L.C,Freehold,"1,557 sqft",Residential,217 sqft,"342,968 sqft",Yes
8404224,SELECT GLOBAL DEVELOPMENT L.L.C,Freehold,592 sqft,Residential,98 sqft,"264,403 sqft",Yes
8407671,TIGER PROPERTIES,Freehold,761 sqft,Residential,90 sqft,"849,284 sqft",Yes
8072294,NA,Freehold,"2,487 sqft",Residential,517 sqft,"120,642 sqft",Yes
7550999,T F G REAL ESTATE L.L.C,NA,NA,NA,NA,"1,363,152 sqft",NA
8424583,T F G REAL ESTATE L.L.C,NA,NA,NA,NA,"1,363,152 sqft",NA
8160897,NA,Freehold,779 sqft,Residential,185 sqft,"500,579 sqft",Yes
8395693,NA,Freehold,700 sqft,Residential,129 sqft,"439,936 sqft",Yes
7558971,NA,Freehold,749 sqft,Residential,51 sqft,"247,478 sqft",Yes
8320265,SCOPE INVESTMENT L L C - DUBAI BRANCH,Freehold,"1,064 sqft",Residential,140 sqft,"940,502 sqft",Yes
8088967,THARWAA ESCAN INVESTMENTS (L.L.C),Freehold,703 sqft,Residential,109 sqft,"278,342 sqft",Yes
8160665,NA,NA,NA,NA,NA,"530,884 sqft",NA
7615906,ZENICA PROPERTY DEVELOPMENT L.L.C,NA,NA,NA,NA,"1,908,955 sqft",NA
8398727,ZENICA PROPERTY DEVELOPMENT L.L.C,NA,NA,NA,NA,"1,908,955 sqft",NA
8382534,ZENICA PROPERTY DEVELOPMENT L.L.C,NA,NA,NA,NA,"1,908,955 sqft",NA
8278673,NA,Freehold,"1,536 sqft",Residential,235 sqft,"261,612 sqft",Yes
8361588,AL SAYYAH & SONS INVESTMENT (L.L.C.),Freehold,"1,390 sqft",Residential,156 sqft,"846,914 sqft",Yes
7559113,CAYAN REAL ESTATE INVESTMENT & DEVELOPMENT L.L.C,Freehold,"1,255 sqft",Residential,35 sqft,"720,602 sqft",Yes
8349916,EMAAR DEVELOPMENT P.J.S.C.,Freehold,"1,655 sqft",Other,134 sqft,"1,403,598 sqft",Yes
8351929,NA,NA,NA,NA,NA,"1,403,598 sqft",NA
8296510,NA,Freehold,"1,350 sqft",Residential,74 sqft,"207,736 sqft",Yes
8305653,GLOBAL GROUP HOLDINGS LIMITED,Freehold,"1,339 sqft",Residential,258 sqft,"370,459 sqft",Yes
8294283,AL SAYYAH & SONS INVESTMENT (L.L.C.),Freehold,"1,508 sqft",Residential,NA,"846,914 sqft",Yes
7870784,ZENICA PROPERTY DEVELOPMENT L.L.C,NA,NA,NA,NA,"1,908,955 sqft",NA
8344342,TEBYAN REAL ESTATE DEVELOPMENT ENTERPRISES (LLC),Freehold,862 sqft,Residential,159 sqft,"268,322 sqft",Yes
8346772,TEBYAN REAL ESTATE DEVELOPMENT ENTERPRISES (LLC),Freehold,413 sqft,Residential,55 sqft,"107,473 sqft",Yes
8344506,TEBYAN REAL ESTATE DEVELOPMENT ENTERPRISES (LLC),Freehold,417 sqft,Residential,51 sqft,"107,473 sqft",Yes
8086329,DAMAC PROPERTIES CO (L.L.C),Freehold,878 sqft,Residential,131 sqft,"810,161 sqft",Yes
8203163,THARWAA ESCAN INVESTMENTS (L.L.C),Freehold,"1,169 sqft",Residential,223 sqft,"278,342 sqft",Yes
8102975,DAMAC GULF PROPERTIES (L.L.C),Freehold,"1,881 sqft",Residential,NA,"884,073 sqft",Yes
7850513,DREAM ESTATE LIMITED,Freehold,"1,723 sqft",Residential,216 sqft,"689,176 sqft",Yes
8533859,SELECT GLOBAL DEVELOPMENT L.L.C,Freehold,945 sqft,Residential,43 sqft,"1,403,677 sqft",Yes
6909547,TAMEER HOLDING INVESTMENT   (LLC),Freehold,"1,329 sqft",Residential,37 sqft,"925,527 sqft",Yes
8498357,NA,Freehold,953 sqft,Residential,60 sqft,"138,520 sqft",Yes
8519745,DEYAAR DEVELOPMENT (P.J.S.C),Freehold,"3,554 sqft",Residential,280 sqft,"568,337 sqft",Yes
8528629,NA,Freehold,"1,431 sqft",Residential,56 sqft,"579,717 sqft",Yes
8508256,NA,Freehold,754 sqft,Residential,63 sqft,"177,922 sqft",Yes
8502796,NA,Freehold,"2,287 sqft",Residential,182 sqft,"254,302 sqft",Yes
8498876,TAMEER HOLDING INVESTMENT   (LLC),Freehold,"1,999 sqft",Residential,168 sqft,"1,097,409 sqft",Yes
8497546,EMAAR DEVELOPMENT P.J.S.C.,Freehold,"1,095 sqft",Other,102 sqft,"1,403,598 sqft",Yes
8509465,NA,Freehold,"1,064 sqft",Residential,162 sqft,"261,612 sqft",Yes
8497253,AL SAYYAH & SONS INVESTMENT (L.L.C.),Freehold,917 sqft,Residential,94 sqft,"846,914 sqft",Yes
8474781,EMAAR DEVELOPMENT P.J.S.C.,Freehold,"1,234 sqft",Other,155 sqft,"1,403,598 sqft",Yes
8475015,NA,Freehold,"1,160 sqft",Residential,44 sqft,"73,580 sqft",Yes
8462600,MARINA ARCADE REAL ESTATE (L.L.C),Freehold,"1,200 sqft",Residential,114 sqft,"858,187 sqft",Yes
8426428,NA,Freehold,841 sqft,Residential,NA,"197,703 sqft",Yes
8449645,NA,Freehold,"2,409 sqft",Residential,179 sqft,"411,917 sqft",Yes
8444768,GLOBAL GROUP INTERNATIONAL LIMITED,Freehold,"1,782 sqft",Residential,482 sqft,"345,350 sqft",Yes
8463147,NA,Freehold,"1,588 sqft",Residential,206 sqft,"330,196 sqft",Yes
8443478,TAMEER HOLDING INVESTMENT   (LLC),Freehold,"6,147 sqft",Residential,584 sqft,"1,097,409 sqft",Yes
8438379,NA,Freehold,723 sqft,Residential,104 sqft,"81,704 sqft",Yes
8421473,NA,Freehold,"2,124 sqft",Residential,239 sqft,"159,627 sqft",Yes
8393643,NA,Freehold,385 sqft,Residential,NA,"124,220 sqft",Yes
8393053,NA,Freehold,"1,982 sqft",Other,274 sqft,"216,005 sqft",Yes
8344509,MARINA ARCADE REAL ESTATE (L.L.C),Freehold,"2,001 sqft",Residential,NA,"858,187 sqft",Yes
8348095,EMAAR DEVELOPMENT P.J.S.C.,Freehold,983 sqft,Other,155 sqft,"1,403,598 sqft",Yes
8326430,NA,Freehold,589 sqft,Residential,94 sqft,"179,373 sqft",Yes
8316451,GLOBAL GROUP HOLDINGS LIMITED,Freehold,"1,310 sqft",Other,258 sqft,"370,459 sqft",Yes
8318666,EMAAR DEVELOPMENT P.J.S.C.,Freehold,"1,649 sqft",Other,134 sqft,"1,403,598 sqft",Yes
8309213,TRIDENT INTERNATIONAL HOLDING (FZCO),Freehold,"1,773 sqft",Residential,165 sqft,"530,884 sqft",Yes
8433508,TORCH SELECT LIMITED,Freehold,"1,258 sqft",Residential,78 sqft,"852,218 sqft",Yes
8288264,ZUMURUD REAL ESTATE - sole proprietorship L.L.C,Freehold,931 sqft,Residential,116 sqft,"279,413 sqft",Yes
8283156,T F G REAL ESTATE L.L.C,Freehold,443 sqft,Commercial,NA,"241,220 sqft",Yes
8277079,T F G REAL ESTATE L.L.C,Freehold,423 sqft,Other,71 sqft,"217,036 sqft",Yes
8324794,HALCON REAL ESTATE DEVELOPMEMNT (L.L.C),Freehold,"1,606 sqft",Residential,339 sqft,"231,557 sqft",Yes
8281693,NA,Freehold,"1,071 sqft",Residential,223 sqft,"81,708 sqft",Yes
8248046,NA,Freehold,"1,073 sqft",Residential,51 sqft,"207,736 sqft",Yes
8264433,SELECT GLOBAL DEVELOPMENT L.L.C,Freehold,"1,427 sqft",Residential,92 sqft,"1,403,677 sqft",Yes
8306764,EMAAR DEVELOPMENT P.J.S.C.,Freehold,"1,232 sqft",Other,155 sqft,"1,403,598 sqft",Yes
8259787,TORCH SELECT LIMITED,Freehold,"1,258 sqft",Residential,78 sqft,"852,218 sqft",Yes
8395406,THARWAA ESCAN INVESTMENTS (L.L.C),Freehold,778 sqft,Residential,124 sqft,"278,342 sqft",Yes
8376240,SELECT GLOBAL DEVELOPMENT L.L.C,Freehold,718 sqft,Residential,70 sqft,"264,403 sqft",Yes
8263028,EMAAR PROPERTIES (P.J.S.C),Freehold,"1,170 sqft",Residential,47 sqft,"204,945 sqft",Yes
8219615,WEST AVENUE LIMITED,Freehold,713 sqft,Residential,104 sqft,"267,598 sqft",Yes
7404696,DREAM ESTATE LIMITED,Freehold,"1,798 sqft",Residential,216 sqft,"689,176 sqft",Yes
8238629,EMAAR DEVELOPMENT P.J.S.C.,Freehold,"1,664 sqft",Other,134 sqft,"1,403,598 sqft",Yes
8315067,EMAAR DEVELOPMENT P.J.S.C.,Freehold,"1,240 sqft",Other,155 sqft,"1,403,598 sqft",Yes
8206986,NA,Freehold,"5,757 sqft",Residential,"1,568 sqft","247,478 sqft",Yes
8181822,TAMEER HOLDING INVESTMENT   (LLC),Freehold,"1,299 sqft",Residential,52 sqft,"1,097,409 sqft",Yes
8158104,NA,NA,NA,NA,NA,"810,161 sqft",NA
8235960,NA,Freehold,971 sqft,Residential,48 sqft,"283,672 sqft",Yes
8259650,EMAAR DEVELOPMENT P.J.S.C.,Freehold,"1,789 sqft",Other,179 sqft,"1,465,941 sqft",Yes
8162635,THARWAA ESCAN INVESTMENTS (L.L.C),Freehold,836 sqft,Residential,138 sqft,"278,342 sqft",Yes
8140381,NA,Freehold,"4,058 sqft",Residential,"1,141 sqft","706,961 sqft",Yes
8104347,NA,Freehold,823 sqft,Residential,65 sqft,"290,902 sqft",Yes
8118650,NA,Freehold,"2,098 sqft",Residential,102 sqft,"275,870 sqft",Yes
8096062,SELECT GLOBAL DEVELOPMENT L.L.C,Freehold,691 sqft,Residential,48 sqft,"610,210 sqft",Yes
8065704,SELECT GLOBAL DEVELOPMENT L.L.C,Freehold,"1,810 sqft",Residential,216 sqft,"703,394 sqft",Yes
8037920,HIRCON INTERNATIONAL L.L.C,Freehold,"2,146 sqft",Residential,154 sqft,"886,537 sqft",Yes
8036209,DREAM ESTATE LIMITED,Freehold,864 sqft,Residential,NA,"689,176 sqft",Yes
8001052,AL SAYYAH & SONS INVESTMENT (L.L.C.),Freehold,"1,502 sqft",Residential,NA,"846,914 sqft",Yes
8045281,TIGER PROPERTIES,Freehold,845 sqft,Residential,115 sqft,"849,284 sqft",Yes
8040172,TAMEER HOLDING INVESTMENT   (LLC),Freehold,960 sqft,Residential,42 sqft,"925,527 sqft",Yes
8125601,CAYAN REAL ESTATE INVESTMENT & DEVELOPMENT L.L.C,Freehold,"1,255 sqft",Residential,35 sqft,"720,602 sqft",Yes
7996411,TIGER PROPERTIES,Freehold,"1,801 sqft",Residential,182 sqft,"849,284 sqft",Yes
7946606,MARINA ARCADE REAL ESTATE (L.L.C),Freehold,"1,207 sqft",Residential,NA,"858,187 sqft",Yes
8496976,SCOPE INVESTMENT L L C - DUBAI BRANCH,Freehold,"1,018 sqft",Other,175 sqft,"940,502 sqft",Yes
7973377,SELECT GLOBAL DEVELOPMENT L.L.C,Freehold,357 sqft,Residential,62 sqft,"264,403 sqft",Yes
7935961,EMAAR PROPERTIES (P.J.S.C),Freehold,540 sqft,Residential,59 sqft,"1,565,456 sqft",NA
7970880,NA,Freehold,919 sqft,Residential,59 sqft,"147,836 sqft",Yes
8506835,SHEFFIELD HOLDINGS LIMITED,Freehold,"1,610 sqft",Other,NA,"1,379,605 sqft",Yes
8493288,L I V REAL ESTATE DEVELOPMENT L.L.C,Freehold,"1,767 sqft",Residential,235 sqft,"427,447 sqft",Yes
8315445,EMAAR DEVELOPMENT P.J.S.C.,Freehold,"1,236 sqft",Other,155 sqft,"1,403,598 sqft",Yes
7909943,NA,Freehold,"1,546 sqft",Residential,235 sqft,"261,612 sqft",Yes
7901301,T F G REAL ESTATE L.L.C,Freehold,442 sqft,Commercial,NA,"241,220 sqft",Yes
7790021,TAMEER HOLDING INVESTMENT   (LLC),Freehold,960 sqft,Residential,42 sqft,"925,527 sqft",Yes
8468886,NA,Freehold,"1,715 sqft",Residential,123 sqft,"498,918 sqft",Yes
7998478,CAYAN REAL ESTATE INVESTMENT & DEVELOPMENT L.L.C,Freehold,714 sqft,Residential,41 sqft,"720,602 sqft",Yes
7812040,TAMEER HOLDING INVESTMENT   (LLC),Freehold,"2,014 sqft",Residential,154 sqft,"1,097,409 sqft",Yes
8446665,TAMEER HOLDING INVESTMENT   (LLC),Freehold,"1,331 sqft",Residential,37 sqft,"925,527 sqft",Yes
7690899,CAYAN REAL ESTATE INVESTMENT & DEVELOPMENT L.L.C,Freehold,"1,376 sqft",Residential,38 sqft,"720,602 sqft",Yes
8493291,TAMEER HOLDING INVESTMENT   (LLC),Freehold,"1,189 sqft",Residential,114 sqft,"1,097,409 sqft",Yes
8431500,NA,Freehold,757 sqft,Residential,129 sqft,"439,936 sqft",Yes
7366646,NA,Freehold,"1,491 sqft",Residential,193 sqft,"290,902 sqft",Yes
8183117,NA,Freehold,"2,205 sqft",Residential,175 sqft,"330,196 sqft",Yes
8320346,TAMEER HOLDING INVESTMENT   (LLC),Freehold,737 sqft,Residential,38 sqft,"925,527 sqft",Yes
8087260,TAMEER HOLDING INVESTMENT   (LLC),Freehold,"1,183 sqft",Residential,114 sqft,"1,097,409 sqft",Yes
8251505,EMAAR DEVELOPMENT P.J.S.C.,Freehold,685 sqft,Other,46 sqft,"1,403,598 sqft",Yes
6087558,SCOPE INVESTMENT L L C - DUBAI BRANCH,Freehold,"1,383 sqft",Other,194 sqft,"940,502 sqft",Yes
7917968,MARINA ARCADE REAL ESTATE (L.L.C),Freehold,"2,466 sqft",Residential,171 sqft,"858,187 sqft",Yes
5430551,NA,Freehold,"1,591 sqft",Residential,115 sqft,"254,302 sqft",Yes
8561471,NA,NA,NA,NA,NA,"179,373 sqft",NA
8566078,NA,NA,NA,NA,NA,"179,373 sqft",NA
8547940,EMAAR PROPERTIES (P.J.S.C),NA,NA,NA,NA,"1,133,555 sqft",NA
8543381,NA,NA,NA,NA,NA,"277,517 sqft",NA
8528012,NA,NA,NA,NA,NA,"610,210 sqft",NA
7682148,NA,NA,NA,NA,NA,"427,447 sqft",NA
8530805,NA,NA,NA,NA,NA,"439,936 sqft",NA
8384842,ZENICA PROPERTY DEVELOPMENT L.L.C,NA,NA,NA,NA,"1,908,955 sqft",NA
8339448,EMAAR PROPERTIES (P.J.S.C),NA,NA,NA,NA,"1,133,555 sqft",NA
8341726,EMAAR PROPERTIES (P.J.S.C),NA,NA,NA,NA,"1,133,555 sqft",NA
8286191,NA,NA,NA,NA,NA,"530,884 sqft",NA
8320172,EMAAR PROPERTIES (P.J.S.C),NA,NA,NA,NA,"1,133,555 sqft",NA
8401233,ZENICA PROPERTY DEVELOPMENT L.L.C,NA,NA,NA,NA,"1,908,955 sqft",NA
8261833,MARINA LIV DEVELOPMENT (Br of MARINA 2 GROUP LIMITED ) - DUBAI BRANCH,NA,NA,NA,NA,NA,NA
8281987,T F G REAL ESTATE L.L.C,NA,NA,NA,NA,"1,363,152 sqft",NA
8414147,NA,NA,NA,NA,NA,"925,527 sqft",NA
8374918,ZENICA PROPERTY DEVELOPMENT L.L.C,NA,NA,NA,NA,"1,908,955 sqft",NA
8545966,NA,NA,NA,NA,NA,"858,187 sqft",NA
8545967,NA,NA,NA,NA,NA,"920,347 sqft",NA
8545881,NA,NA,NA,NA,NA,"886,537 sqft",NA
8006723,MARINA LIV DEVELOPMENT (Br of MARINA 2 GROUP LIMITED ) - DUBAI BRANCH,NA,NA,NA,NA,NA,NA
7918677,NA,NA,NA,NA,NA,"703,394 sqft",NA
8491137,NA,NA,NA,NA,NA,"1,403,677 sqft",NA
8354797,NA,NA,NA,NA,NA,"305,965 sqft",NA
7765017,NA,NA,NA,NA,NA,"286,305 sqft",NA
7894380,NA,NA,NA,NA,NA,"370,459 sqft",NA
7940256,ZENICA PROPERTY DEVELOPMENT L.L.C,NA,NA,NA,NA,"1,908,955 sqft",NA
7860999,EMAAR PROPERTIES (P.J.S.C),NA,NA,NA,NA,"1,133,555 sqft",NA
7850580,T F G REAL ESTATE L.L.C,NA,NA,NA,NA,"1,363,152 sqft",NA
7677907,L I V REAL ESTATE DEVELOPMENT L.L.C,NA,NA,NA,NA,NA,NA
7776340,MARINA LIV DEVELOPMENT (Br of MARINA 2 GROUP LIMITED ) - DUBAI BRANCH,NA,NA,NA,NA,NA,NA
7594814,MARINA LIV DEVELOPMENT (Br of MARINA 2 GROUP LIMITED ) - DUBAI BRANCH,NA,NA,NA,NA,NA,NA
7594882,L I V REAL ESTATE DEVELOPMENT L.L.C,NA,NA,NA,NA,NA,NA
7480572,EMAAR PROPERTIES (P.J.S.C),NA,NA,NA,NA,"1,133,555 sqft",NA
7434333,ZENICA PROPERTY DEVELOPMENT L.L.C,NA,NA,NA,NA,"1,908,955 sqft",NA
6874132,NA,NA,NA,NA,NA,"925,527 sqft",NA
6822547,NA,NA,NA,NA,NA,"858,187 sqft",NA
6822544,NA,NA,NA,NA,NA,"858,187 sqft",NA
6846240,EMAAR PROPERTIES (P.J.S.C),NA,NA,NA,NA,"1,133,555 sqft",NA
7476575,NA,NA,NA,NA,NA,"1,097,409 sqft",NA
6651482,EMAAR PROPERTIES (P.J.S.C),NA,NA,NA,NA,"1,133,555 sqft",NA
8250124,NA,NA,NA,NA,NA,"339,189 sqft",NA
8033275,NA,NA,NA,NA,NA,"278,342 sqft",NA
8466855,NA,Freehold,"1,326 sqft",Residential,157 sqft,"211,465 sqft",Yes
8515747,NA,Freehold,690 sqft,Residential,86 sqft,"297,040 sqft",Yes
8457625,SCOPE INVESTMENT L L C - DUBAI BRANCH,Freehold,"1,515 sqft",Other,179 sqft,"940,502 sqft",Yes
8344878,TIGER PROPERTIES,Freehold,845 sqft,Residential,115 sqft,"849,284 sqft",Yes
8460430,EMAAR DEVELOPMENT P.J.S.C.,Freehold,"1,138 sqft",Other,108 sqft,"1,465,941 sqft",Yes
8459214,EMAAR DEVELOPMENT P.J.S.C.,Freehold,"1,742 sqft",Other,129 sqft,"1,465,941 sqft",Yes
8025952,L I V REAL ESTATE DEVELOPMENT L.L.C,NA,NA,NA,NA,NA,NA
7879693,ZENICA PROPERTY DEVELOPMENT L.L.C,NA,NA,NA,NA,"1,908,955 sqft",NA
7917368,L I V REAL ESTATE DEVELOPMENT L.L.C,NA,NA,NA,NA,NA,NA
8173306,ZENICA PROPERTY DEVELOPMENT L.L.C,NA,NA,NA,NA,"1,908,955 sqft",NA
8174166,T F G REAL ESTATE L.L.C,NA,NA,NA,NA,"1,363,152 sqft",NA
8303990,EMAAR PROPERTIES (P.J.S.C),NA,NA,NA,NA,"1,133,555 sqft",NA
8324173,T F G REAL ESTATE L.L.C,NA,NA,NA,NA,"1,363,152 sqft",NA
8537373,T F G REAL ESTATE L.L.C,NA,NA,NA,NA,"1,363,152 sqft",NA
8488715,GLOBAL GROUP HOLDINGS LIMITED,Freehold,787 sqft,Residential,75 sqft,"370,459 sqft",Yes
8293734,DAMAC PROPERTIES CO (L.L.C),Freehold,"1,199 sqft",Residential,222 sqft,"810,161 sqft",Yes
8241181,EMAAR DEVELOPMENT P.J.S.C.,Freehold,"1,314 sqft",Other,287 sqft,"1,403,598 sqft",Yes
8395645,EMAAR DEVELOPMENT P.J.S.C.,Freehold,"2,307 sqft",Other,223 sqft,"1,403,598 sqft",Yes
8349912,NA,NA,NA,NA,NA,"1,379,605 sqft",NA
8514064,T F G REAL ESTATE L.L.C,NA,NA,NA,NA,"1,363,152 sqft",NA
8474934,SELECT GLOBAL DEVELOPMENT L.L.C,Freehold,"2,130 sqft",Residential,262 sqft,"1,403,677 sqft",Yes
5767131,TAMEER HOLDING INVESTMENT   (LLC),Freehold,"3,211 sqft",Residential,154 sqft,"925,527 sqft",Yes
7662923,TAMEER HOLDING INVESTMENT   (LLC),Freehold,"3,173 sqft",Residential,158 sqft,"925,527 sqft",Yes
7978227,EMAAR PROPERTIES (P.J.S.C),NA,NA,NA,NA,"1,133,555 sqft",NA
8276394,TAMEER HOLDING INVESTMENT   (LLC),Freehold,"1,765 sqft",Residential,230 sqft,"1,097,409 sqft",Yes
8029846,L I V REAL ESTATE DEVELOPMENT L.L.C,NA,NA,NA,NA,NA,NA
8495309,EMAAR PROPERTIES (P.J.S.C),NA,NA,NA,NA,"1,133,555 sqft",NA
7870910,DAMAC PROPERTIES CO (L.L.C),Freehold,878 sqft,Other,127 sqft,"810,161 sqft",NA
8400704,TAMEER HOLDING INVESTMENT   (LLC),Freehold,960 sqft,Residential,42 sqft,"925,527 sqft",Yes
8277550,ZENICA PROPERTY DEVELOPMENT L.L.C,NA,NA,NA,NA,"1,908,955 sqft",NA
8277548,ZENICA PROPERTY DEVELOPMENT L.L.C,NA,NA,NA,NA,"1,908,955 sqft",NA
8460597,EMAAR DEVELOPMENT P.J.S.C.,Freehold,"1,094 sqft",Other,102 sqft,"1,403,598 sqft",Yes
8469284,NA,Freehold,"1,324 sqft",Residential,64 sqft,"254,302 sqft",Yes
8464694,EMAAR DEVELOPMENT P.J.S.C.,Freehold,"1,102 sqft",Other,102 sqft,"1,403,598 sqft",Yes
8456099,EMAAR PROPERTIES (P.J.S.C),NA,NA,NA,NA,"1,133,555 sqft",NA
8457231,EMAAR PROPERTIES (P.J.S.C),Freehold,"1,302 sqft",Residential,58 sqft,"433,754 sqft",Yes
8427933,NA,Freehold,"1,366 sqft",Residential,72 sqft,"133,898 sqft",Yes
8407917,L I V REAL ESTATE DEVELOPMENT L.L.C,Freehold,"1,393 sqft",Residential,114 sqft,"427,447 sqft",Yes
8422986,TEBYAN REAL ESTATE DEVELOPMENT ENTERPRISES (LLC),Freehold,827 sqft,Residential,106 sqft,"107,473 sqft",Yes
8286055,THARWAA ESCAN INVESTMENTS (L.L.C),Freehold,359 sqft,Residential,66 sqft,"278,342 sqft",Yes
8182475,DAMAC GULF PROPERTIES (L.L.C),Freehold,970 sqft,Residential,152 sqft,"884,073 sqft",Yes
7982340,CAYAN REAL ESTATE INVESTMENT & DEVELOPMENT L.L.C,Freehold,"1,441 sqft",Residential,97 sqft,"342,968 sqft",Yes
8400673,WEST AVENUE LIMITED,Freehold,722 sqft,Residential,104 sqft,"267,598 sqft",Yes
8419577,SELECT GLOBAL DEVELOPMENT L.L.C,Freehold,"1,207 sqft",Residential,159 sqft,"703,394 sqft",Yes
8428681,NA,Freehold,963 sqft,Residential,60 sqft,"179,373 sqft",Yes
7634915,NA,Freehold,"1,545 sqft",Residential,65 sqft,"706,961 sqft",Yes
8374937,NA,Freehold,"3,023 sqft",Residential,222 sqft,"983,257 sqft",Yes
8398827,TIGER PROPERTIES,Freehold,"1,219 sqft",Residential,33 sqft,"849,284 sqft",Yes
8439170,EMAAR PROPERTIES (P.J.S.C),NA,NA,NA,NA,"1,133,555 sqft",NA
8411562,THARWAA ESCAN INVESTMENTS (L.L.C),Freehold,765 sqft,Residential,111 sqft,"278,342 sqft",Yes
7893767,EMAAR PROPERTIES (P.J.S.C),NA,NA,NA,NA,"1,133,555 sqft",NA
8308645,DAMAC PROPERTIES CO (L.L.C),Freehold,"1,942 sqft",Residential,79 sqft,"810,161 sqft",Yes
8337747,EMAAR DEVELOPMENT P.J.S.C.,Freehold,"1,742 sqft",Other,129 sqft,"1,465,941 sqft",Yes
8307975,NA,Freehold,912 sqft,Other,109 sqft,"216,005 sqft",Yes
8543017,TAMEER HOLDING INVESTMENT   (LLC),Freehold,923 sqft,Residential,40 sqft,"1,097,409 sqft",Yes
8530693,DHEERAJ & EAST COAST (L.L.C),Freehold,"1,287 sqft",Residential,110 sqft,"223,642 sqft",Yes
8510577,NA,Freehold,"1,224 sqft",Residential,173 sqft,"170,941 sqft",Yes
7955368,BAY CENTRAL DEVELOPMENTS LIMITED,Freehold,638 sqft,Residential,51 sqft,"277,517 sqft",Yes
8531213,EMAAR DEVELOPMENT P.J.S.C.,Freehold,"1,801 sqft",Residential,180 sqft,"1,465,941 sqft",Yes
8508114,DHEERAJ & EAST COAST (L.L.C),Freehold,759 sqft,Residential,62 sqft,"223,642 sqft",Yes
8507273,NA,Freehold,714 sqft,Residential,69 sqft,"169,611 sqft",Yes
8557399,NA,NA,NA,NA,NA,"261,612 sqft",NA
8494187,NA,Freehold,"2,901 sqft",Residential,144 sqft,"498,918 sqft",Yes
8478210,NA,Freehold,"1,562 sqft",Residential,59 sqft,"154,935 sqft",NA
8453915,TIGER PROPERTIES,Freehold,761 sqft,Residential,90 sqft,"849,284 sqft",Yes
8449721,TAMEER HOLDING INVESTMENT   (LLC),Freehold,"1,181 sqft",Residential,114 sqft,"1,097,409 sqft",Yes
8430141,AL SAYYAH & SONS INVESTMENT (L.L.C.),Freehold,"1,384 sqft",Residential,156 sqft,"846,914 sqft",Yes
8428665,EMAAR PROPERTIES (P.J.S.C),Freehold,"1,463 sqft",Residential,84 sqft,"366,045 sqft",Yes
8421658,TIGER PROPERTIES,Freehold,"1,566 sqft",Residential,150 sqft,"849,284 sqft",NA
8420364,WEST AVENUE LIMITED,Freehold,"1,237 sqft",Residential,177 sqft,"267,598 sqft",Yes
8423089,NA,Freehold,"2,959 sqft",Residential,"1,790 sqft","197,703 sqft",Yes
8435482,NA,Freehold,"2,516 sqft",Residential,189 sqft,"498,918 sqft",Yes
8419968,NA,Freehold,841 sqft,Residential,51 sqft,"283,672 sqft",Yes
8434497,NA,Freehold,"2,762 sqft",Residential,323 sqft,"168,414 sqft",Yes
8401644,NA,Freehold,749 sqft,Residential,NA,"216,192 sqft",Yes
8397049,DAMAC GULF PROPERTIES (L.L.C),Freehold,979 sqft,Residential,93 sqft,"884,073 sqft",Yes
8411455,GULF SHORES INC,Freehold,"1,826 sqft",Residential,357 sqft,"124,927 sqft",Yes
8410093,TAMEER HOLDING INVESTMENT   (LLC),Freehold,923 sqft,Residential,40 sqft,"1,097,409 sqft",Yes
8433685,EMAAR PROPERTIES (P.J.S.C),Freehold,540 sqft,Residential,59 sqft,"1,565,456 sqft",Yes
8390529,TAMEER HOLDING INVESTMENT   (LLC),Freehold,923 sqft,Residential,41 sqft,"1,097,409 sqft",Yes
8370630,EMAAR DEVELOPMENT P.J.S.C.,Freehold,"2,307 sqft",Other,223 sqft,"1,403,598 sqft",Yes
8411399,TRIDENT INTERNATIONAL HOLDING (FZCO),Freehold,"1,874 sqft",Residential,495 sqft,"510,530 sqft",Yes
8374903,DHEERAJ & EAST COAST (L.L.C),Freehold,"1,395 sqft",Residential,193 sqft,"223,642 sqft",Yes
8396242,AL SAYYAH & SONS INVESTMENT (L.L.C.),Freehold,735 sqft,Residential,68 sqft,"846,914 sqft",Yes
8378054,AL SAYYAH & SONS INVESTMENT (L.L.C.),Freehold,"1,508 sqft",Residential,NA,"846,914 sqft",Yes
8394801,TORCH SELECT LIMITED,Freehold,"1,258 sqft",Residential,78 sqft,"852,218 sqft",Yes
8359318,NA,Freehold,"1,444 sqft",Residential,259 sqft,"297,040 sqft",Yes
8424695,POINT DEVELOPMENT LIMITED,Freehold,"1,594 sqft",Residential,117 sqft,"304,148 sqft",Yes
8341185,DAMAC GULF PROPERTIES (L.L.C),Freehold,"1,228 sqft",Residential,119 sqft,"884,073 sqft",Yes
8356003,TORCH SELECT LIMITED,Freehold,"1,258 sqft",Residential,78 sqft,"852,218 sqft",Yes
8335311,EMAAR PROPERTIES (P.J.S.C),Freehold,922 sqft,Residential,80 sqft,"366,045 sqft",Yes
8341150,POINT DEVELOPMENT LIMITED,Freehold,"2,772 sqft",Other,484 sqft,"304,148 sqft",Yes
8318930,EMAAR DEVELOPMENT P.J.S.C.,Freehold,"1,233 sqft",Other,156 sqft,"1,403,598 sqft",Yes
8338339,NA,Freehold,"1,546 sqft",Residential,235 sqft,"261,612 sqft",Yes
8314162,TAMEER HOLDING INVESTMENT   (LLC),Freehold,802 sqft,Residential,45 sqft,"925,527 sqft",Yes
8290005,SELECT GLOBAL DEVELOPMENT L.L.C,Freehold,610 sqft,Residential,39 sqft,"1,403,677 sqft",Yes
8289428,NA,Freehold,"2,373 sqft",Residential,83 sqft,"223,279 sqft",Yes
8328251,T F G REAL ESTATE L.L.C,Freehold,438 sqft,Other,85 sqft,"217,036 sqft",Yes
8292070,TIGER PROPERTIES,Freehold,"1,219 sqft",Residential,33 sqft,"849,284 sqft",Yes
8288821,TAMEER HOLDING INVESTMENT   (LLC),Freehold,802 sqft,Residential,38 sqft,"925,527 sqft",Yes
8388836,CAYAN REAL ESTATE INVESTMENT & DEVELOPMENT L.L.C,Freehold,714 sqft,Residential,41 sqft,"720,602 sqft",Yes
8278579,CAYAN REAL ESTATE INVESTMENT & DEVELOPMENT L.L.C,Freehold,"1,255 sqft",Residential,35 sqft,"720,602 sqft",Yes
8312655,NA,Freehold,"1,064 sqft",Residential,162 sqft,"261,612 sqft",Yes
8250569,AL SAYYAH & SONS INVESTMENT (L.L.C.),Freehold,917 sqft,Residential,94 sqft,"846,914 sqft",Yes
8276356,POINT DEVELOPMENT LIMITED,Freehold,760 sqft,Residential,66 sqft,"304,148 sqft",Yes
8313824,EMAAR PROPERTIES (P.J.S.C),Freehold,909 sqft,Residential,60 sqft,"366,045 sqft",Yes
8313482,TORCH SELECT LIMITED,Freehold,978 sqft,Residential,64 sqft,"852,218 sqft",Yes
8250728,NA,Freehold,"1,350 sqft",Residential,74 sqft,"207,736 sqft",Yes
8233516,DAMAC GULF PROPERTIES (L.L.C),Freehold,"1,632 sqft",Residential,259 sqft,"884,073 sqft",Yes
8238296,EMAAR DEVELOPMENT P.J.S.C.,Freehold,"1,653 sqft",Other,134 sqft,"1,403,598 sqft",Yes
8235238,CAYAN REAL ESTATE INVESTMENT & DEVELOPMENT L.L.C,Freehold,"1,372 sqft",Residential,38 sqft,"720,602 sqft",Yes
8264650,TAMEER HOLDING INVESTMENT   (LLC),Freehold,"3,173 sqft",Residential,154 sqft,"925,527 sqft",Yes
8255693,THARWAA ESCAN INVESTMENTS (L.L.C),Freehold,747 sqft,Residential,159 sqft,"278,342 sqft",Yes
8231383,DHEERAJ & EAST COAST (L.L.C),Freehold,"1,245 sqft",Residential,194 sqft,"223,642 sqft",Yes
8247021,EMAAR DEVELOPMENT P.J.S.C.,Freehold,"1,725 sqft",Residential,128 sqft,"1,465,941 sqft",Yes
8247284,GLOBAL GROUP HOLDINGS LIMITED,Freehold,"1,203 sqft",Residential,145 sqft,"370,459 sqft",Yes
8188008,GLOBAL GROUP INTERNATIONAL LIMITED,Freehold,718 sqft,Residential,50 sqft,"345,350 sqft",Yes
8259263,NA,Freehold,"1,098 sqft",Residential,263 sqft,"153,653 sqft",Yes
8192053,MARINA ARCADE REAL ESTATE (L.L.C),Freehold,"2,090 sqft",Residential,NA,"858,187 sqft",Yes
8252155,TAMEER HOLDING INVESTMENT   (LLC),Freehold,960 sqft,Residential,35 sqft,"925,527 sqft",Yes
8226685,BAY CENTRAL DEVELOPMENTS LIMITED,Freehold,"1,070 sqft",Residential,103 sqft,"277,517 sqft",Yes
8291695,NA,Freehold,"1,054 sqft",Residential,237 sqft,"305,965 sqft",Yes
8258916,DAMAC PROPERTIES CO (L.L.C),Freehold,"1,200 sqft",Residential,218 sqft,"810,161 sqft",Yes
8220496,EMAAR PROPERTIES (P.J.S.C),Freehold,"1,170 sqft",Residential,47 sqft,"204,945 sqft",Yes
8187975,NA,NA,NA,NA,NA,"846,914 sqft",NA
8158219,NA,NA,NA,NA,NA,"849,284 sqft",NA
8138121,TAMEER HOLDING INVESTMENT   (LLC),Freehold,802 sqft,Residential,45 sqft,"925,527 sqft",Yes
8117575,CAYAN REAL ESTATE INVESTMENT & DEVELOPMENT L.L.C,Freehold,"1,427 sqft",Residential,97 sqft,"342,968 sqft",Yes
8117223,CAYAN REAL ESTATE INVESTMENT & DEVELOPMENT L.L.C,Freehold,518 sqft,Residential,80 sqft,"264,007 sqft",Yes
8343573,TEBYAN REAL ESTATE DEVELOPMENT ENTERPRISES (LLC),Freehold,826 sqft,Residential,106 sqft,"107,473 sqft",Yes
8149150,SCOPE INVESTMENT L L C - DUBAI BRANCH,Freehold,"1,836 sqft",Other,228 sqft,"940,502 sqft",Yes
8238577,NA,Freehold,742 sqft,Residential,90 sqft,"297,040 sqft",Yes
8117339,CAYAN REAL ESTATE INVESTMENT & DEVELOPMENT L.L.C,Freehold,714 sqft,Residential,41 sqft,"720,602 sqft",Yes
8090861,NA,NA,NA,NA,NA,"305,965 sqft",NA
8094911,SCOPE INVESTMENT L L C - DUBAI BRANCH,Freehold,"1,452 sqft",Residential,264 sqft,"940,502 sqft",Yes
8138077,EMAAR PROPERTIES (P.J.S.C),Freehold,"1,463 sqft",Residential,84 sqft,"366,045 sqft",Yes
8160565,SELECT GLOBAL DEVELOPMENT L.L.C,Freehold,"1,210 sqft",Residential,159 sqft,"703,394 sqft",Yes
8086913,NA,Freehold,"2,613 sqft",Residential,440 sqft,"168,414 sqft",Yes
8069013,TORCH SELECT LIMITED,Freehold,"1,258 sqft",Residential,78 sqft,"852,218 sqft",Yes
8160941,EMAAR DEVELOPMENT P.J.S.C.,Freehold,"1,154 sqft",Other,124 sqft,"1,403,598 sqft",Yes
8073184,TAMEER HOLDING INVESTMENT   (LLC),Freehold,"1,189 sqft",Residential,114 sqft,"1,097,409 sqft",Yes
8326479,NA,Freehold,"1,011 sqft",Residential,117 sqft,"579,717 sqft",Yes
8092838,DREAM ESTATE LIMITED,Freehold,844 sqft,Residential,NA,"689,176 sqft",Yes
8083840,NA,Freehold,"1,326 sqft",Residential,157 sqft,"211,465 sqft",Yes
8068976,HIRCON INTERNATIONAL L.L.C,Freehold,"2,146 sqft",Residential,154 sqft,"886,537 sqft",Yes
8168910,NA,Freehold,"2,860 sqft",Residential,139 sqft,"154,935 sqft",NA
8027194,EMAAR DEVELOPMENT P.J.S.C.,Freehold,"1,145 sqft",Other,123 sqft,"1,403,598 sqft",Yes
8044550,TAMEER HOLDING INVESTMENT   (LLC),Freehold,"1,329 sqft",Residential,37 sqft,"925,527 sqft",Yes
8004647,NA,NA,NA,NA,NA,"1,403,677 sqft",NA
7989862,NA,Freehold,"1,494 sqft",Residential,149 sqft,"983,257 sqft",Yes
8046181,SELECT GLOBAL DEVELOPMENT L.L.C,Freehold,822 sqft,Residential,107 sqft,"703,394 sqft",Yes
8022439,TRIDENT INTERNATIONAL HOLDING (FZCO),Freehold,"2,491 sqft",Residential,682 sqft,"510,530 sqft",Yes
7960288,NA,Freehold,"1,141 sqft",Residential,59 sqft,"197,703 sqft",Yes
8227049,SELECT GLOBAL DEVELOPMENT L.L.C,Freehold,"1,256 sqft",Residential,170 sqft,"610,210 sqft",Yes
7983968,AL SAYYAH & SONS INVESTMENT (L.L.C.),Freehold,918 sqft,Residential,96 sqft,"846,914 sqft",Yes
7947596,NA,Freehold,961 sqft,Residential,105 sqft,"247,478 sqft",Yes
7979595,NA,Freehold,"1,546 sqft",Residential,235 sqft,"261,612 sqft",Yes
7973585,SELECT GLOBAL DEVELOPMENT L.L.C,Freehold,"1,075 sqft",Residential,123 sqft,"255,330 sqft",Yes
8045258,TAMEER HOLDING INVESTMENT   (LLC),Freehold,"1,998 sqft",Residential,168 sqft,"1,097,409 sqft",Yes
7930850,TORCH SELECT LIMITED,Freehold,"4,033 sqft",Residential,689 sqft,"852,218 sqft",Yes
7924667,TIGER PROPERTIES,Freehold,762 sqft,Residential,90 sqft,"849,284 sqft",Yes
8101732,BAY CENTRAL DEVELOPMENTS LIMITED,Freehold,"1,161 sqft",Residential,137 sqft,"277,517 sqft",Yes
8057270,TAMEER HOLDING INVESTMENT   (LLC),Freehold,"1,331 sqft",Residential,37 sqft,"925,527 sqft",Yes
8040482,EMAAR DEVELOPMENT P.J.S.C.,Freehold,"1,655 sqft",Other,134 sqft,"1,403,598 sqft",Yes
8316788,NA,Freehold,"1,371 sqft",Residential,158 sqft,"211,465 sqft",Yes
7891551,CAYAN REAL ESTATE INVESTMENT & DEVELOPMENT L.L.C,Freehold,"2,550 sqft",Residential,81 sqft,"720,602 sqft",Yes
8457521,EMAAR DEVELOPMENT P.J.S.C.,Freehold,"1,233 sqft",Other,156 sqft,"1,403,598 sqft",Yes
8422863,EMAAR PROPERTIES (P.J.S.C),Freehold,"1,302 sqft",Residential,58 sqft,"433,754 sqft",Yes
7783485,TAMEER HOLDING INVESTMENT   (LLC),Freehold,737 sqft,Residential,45 sqft,"925,527 sqft",Yes
8424585,TAMEER HOLDING INVESTMENT   (LLC),Freehold,923 sqft,Residential,41 sqft,"1,097,409 sqft",Yes
8077523,NA,Freehold,"1,185 sqft",Residential,77 sqft,"269,282 sqft",Yes
8463713,DAMAC GULF PROPERTIES (L.L.C),Freehold,"1,851 sqft",Residential,154 sqft,"884,073 sqft",Yes
8319872,TAMEER HOLDING INVESTMENT   (LLC),Freehold,960 sqft,Residential,42 sqft,"925,527 sqft",Yes
7608548,NA,Freehold,"1,031 sqft",Residential,69 sqft,"177,922 sqft",Yes
8320345,TAMEER HOLDING INVESTMENT   (LLC),Freehold,737 sqft,Residential,38 sqft,"925,527 sqft",Yes
7620596,CAYAN REAL ESTATE INVESTMENT & DEVELOPMENT L.L.C,Freehold,"1,376 sqft",Residential,38 sqft,"720,602 sqft",Yes
7536503,EMAAR DEVELOPMENT P.J.S.C.,Freehold,"1,728 sqft",Other,130 sqft,"1,465,941 sqft",Yes
7873329,NA,NA,NA,NA,NA,"376,005 sqft",NA
7823757,TIGER PROPERTIES,Freehold,761 sqft,Residential,90 sqft,"849,284 sqft",Yes
7613429,AL SAYYAH & SONS INVESTMENT (L.L.C.),Freehold,"1,384 sqft",Other,156 sqft,"846,914 sqft",Yes
8499333,NA,Freehold,"1,499 sqft",Residential,85 sqft,"330,421 sqft",Yes
8442894,NA,NA,NA,NA,NA,"342,968 sqft",NA
8469329,NA,Freehold,895 sqft,Residential,53 sqft,"207,736 sqft",Yes
8283107,TRIDENT INTERNATIONAL HOLDING (FZCO),Freehold,"4,231 sqft",Residential,946 sqft,"170,995 sqft",NA
8091808,NA,Freehold,"2,034 sqft",Residential,316 sqft,"216,005 sqft",Yes
7362553,NA,Freehold,"3,886 sqft",Residential,562 sqft,"1,326,014 sqft",Yes
8406596,DAMAC GULF PROPERTIES (L.L.C),Freehold,963 sqft,Residential,144 sqft,"884,073 sqft",Yes
6994751,DAMAC GULF PROPERTIES (L.L.C),Freehold,"1,960 sqft",Residential,302 sqft,"884,073 sqft",Yes
8502909,TEBYAN REAL ESTATE DEVELOPMENT ENTERPRISES (LLC),Freehold,576 sqft,Residential,NA,"42,166 sqft",Yes
8220588,BAY CENTRAL DEVELOPMENTS LIMITED,Freehold,"1,116 sqft",Residential,103 sqft,"277,517 sqft",Yes
6796526,SELECT GLOBAL DEVELOPMENT L.L.C,Freehold,"1,750 sqft",Residential,260 sqft,"610,210 sqft",Yes
8378022,SELECT GLOBAL DEVELOPMENT L.L.C,Freehold,830 sqft,Residential,137 sqft,"264,403 sqft",Yes
6837175,NA,Freehold,684 sqft,Residential,124 sqft,"439,936 sqft",Yes
7438372,THARWAA ESCAN INVESTMENTS (L.L.C),Freehold,"1,169 sqft",Residential,223 sqft,"278,342 sqft",Yes
6002432,DAMAC GULF PROPERTIES (L.L.C),Freehold,831 sqft,Residential,138 sqft,"884,073 sqft",Yes
6715414,DAMAC PROPERTIES CO (L.L.C),Freehold,"1,342 sqft",Residential,72 sqft,"810,161 sqft",Yes
2347336,NA,NA,NA,NA,NA,"358,606 sqft",NA
8556615,NA,NA,NA,NA,NA,"297,040 sqft",NA
8562486,NA,NA,NA,NA,NA,"940,502 sqft",NA
8544832,NA,NA,NA,NA,NA,"376,005 sqft",NA
8547443,NA,NA,NA,NA,NA,"124,220 sqft",NA
8544833,NA,NA,NA,NA,NA,"376,005 sqft",NA
8544830,NA,NA,NA,NA,NA,"376,005 sqft",NA
8512695,NA,NA,NA,NA,NA,"1,097,409 sqft",NA
8537375,T F G REAL ESTATE L.L.C,NA,NA,NA,NA,"1,363,152 sqft",NA
6065288,NA,NA,NA,NA,NA,"858,187 sqft",NA
8435965,ZENICA PROPERTY DEVELOPMENT L.L.C,NA,NA,NA,NA,"1,908,955 sqft",NA
8537253,NA,NA,NA,NA,NA,"500,579 sqft",NA
8527583,NA,NA,NA,NA,NA,"326,421 sqft",NA
8485110,NA,NA,NA,NA,NA,"689,176 sqft",NA
8454711,NA,NA,NA,NA,NA,"278,342 sqft",NA
8479295,NA,NA,NA,NA,NA,"689,176 sqft",NA
8541933,NA,NA,NA,NA,NA,"720,602 sqft",NA
8397890,NA,NA,NA,NA,NA,"940,502 sqft",NA
8510517,NA,NA,NA,NA,NA,"305,965 sqft",NA
8438891,NA,NA,NA,NA,NA,"376,005 sqft",NA
8376651,NA,NA,NA,NA,NA,"1,403,598 sqft",NA
8389119,NA,NA,NA,NA,NA,"376,005 sqft",NA
8310749,T F G REAL ESTATE L.L.C,NA,NA,NA,NA,"1,363,152 sqft",NA
8312671,NA,NA,NA,NA,NA,"138,330 sqft",NA
8337168,NA,NA,NA,NA,NA,"703,394 sqft",NA
8469398,NA,NA,NA,NA,NA,"810,161 sqft",NA
8497336,NA,NA,NA,NA,NA,"231,557 sqft",NA
8286052,NA,NA,NA,NA,NA,"703,394 sqft",NA
8386040,NA,NA,NA,NA,NA,"849,284 sqft",NA
8316400,L I V REAL ESTATE DEVELOPMENT L.L.C,NA,NA,NA,NA,NA,NA
8431695,NA,NA,NA,NA,NA,"810,161 sqft",NA
8246194,NA,NA,NA,NA,NA,"279,413 sqft",NA
8215081,NA,NA,NA,NA,NA,"858,187 sqft",NA
8396245,EMAAR PROPERTIES (P.J.S.C),NA,NA,NA,NA,"1,133,555 sqft",NA
8374578,NA,NA,NA,NA,NA,"376,005 sqft",NA
8215079,NA,NA,NA,NA,NA,"858,187 sqft",NA
8253833,NA,NA,NA,NA,NA,"925,527 sqft",NA
8374579,NA,NA,NA,NA,NA,"376,005 sqft",NA
7962756,NA,NA,NA,NA,NA,"278,342 sqft",NA
8542890,NA,NA,NA,NA,NA,"376,005 sqft",NA
8357926,T F G REAL ESTATE L.L.C,NA,NA,NA,NA,"1,363,152 sqft",NA
8215085,NA,NA,NA,NA,NA,"858,187 sqft",NA
8144907,NA,NA,NA,NA,NA,"129,369 sqft",NA
8338484,T F G REAL ESTATE L.L.C,NA,NA,NA,NA,"1,363,152 sqft",NA
8173607,NA,NA,NA,NA,NA,"264,403 sqft",NA
8028584,NA,NA,NA,NA,NA,"810,161 sqft",NA
8232433,NA,NA,NA,NA,NA,"411,917 sqft",NA
8215083,NA,NA,NA,NA,NA,"858,187 sqft",NA
7891219,NA,NA,NA,NA,NA,"439,936 sqft",NA
7877197,ZENICA PROPERTY DEVELOPMENT L.L.C,NA,NA,NA,NA,"1,908,955 sqft",NA
8467197,NA,NA,NA,NA,NA,"376,005 sqft",NA
7883841,ZENICA PROPERTY DEVELOPMENT L.L.C,NA,NA,NA,NA,"1,908,955 sqft",NA
8043904,NA,NA,NA,NA,NA,"278,342 sqft",NA
7681891,L I V REAL ESTATE DEVELOPMENT L.L.C,NA,NA,NA,NA,NA,NA
7682012,MARINA LIV DEVELOPMENT (Br of MARINA 2 GROUP LIMITED ) - DUBAI BRANCH,NA,NA,NA,NA,NA,NA
7681741,L I V REAL ESTATE DEVELOPMENT L.L.C,NA,NA,NA,NA,NA,NA
7673283,ZENICA PROPERTY DEVELOPMENT L.L.C,NA,NA,NA,NA,"1,908,955 sqft",NA
7682010,MARINA LIV DEVELOPMENT (Br of MARINA 2 GROUP LIMITED ) - DUBAI BRANCH,NA,NA,NA,NA,NA,NA
7640069,ZENICA PROPERTY DEVELOPMENT L.L.C,NA,NA,NA,NA,"1,908,955 sqft",NA
8215084,NA,NA,NA,NA,NA,"858,187 sqft",NA
7813188,NA,NA,NA,NA,NA,"159,627 sqft",NA
6814106,NA,NA,NA,NA,NA,"211,465 sqft",NA
6660102,NA,NA,NA,NA,NA,"1,403,598 sqft",NA
7584599,T F G REAL ESTATE L.L.C,NA,NA,NA,NA,"1,363,152 sqft",NA
8321466,NA,NA,NA,NA,NA,"925,527 sqft",NA
5983681,NA,NA,NA,NA,NA,"498,918 sqft",NA
8534006,NA,NA,NA,NA,NA,"1,565,456 sqft",NA
8287412,EMAAR DEVELOPMENT P.J.S.C.,Freehold,"1,655 sqft",Other,134 sqft,"1,403,598 sqft",Yes
8534191,EMAAR PROPERTIES (P.J.S.C),Freehold,545 sqft,Residential,59 sqft,"1,565,456 sqft",NA
8533863,EMAAR PROPERTIES (P.J.S.C),Freehold,848 sqft,Residential,NA,"1,565,456 sqft",NA
8531209,TAMEER HOLDING INVESTMENT   (LLC),Freehold,"1,331 sqft",Residential,37 sqft,"925,527 sqft",Yes
8382216,HIRCON INTERNATIONAL L.L.C,Freehold,"2,146 sqft",Residential,154 sqft,"886,537 sqft",Yes
8560525,SELECT GLOBAL DEVELOPMENT L.L.C,Freehold,836 sqft,Residential,48 sqft,"610,210 sqft",Yes
8457981,SELECT GLOBAL DEVELOPMENT L.L.C,Freehold,691 sqft,Residential,48 sqft,"610,210 sqft",Yes
8467538,NA,Freehold,"1,392 sqft",Residential,44 sqft,"147,836 sqft",Yes
8585379,NA,Freehold,"1,103 sqft",Residential,139 sqft,"81,708 sqft",Yes
8579206,NA,Freehold,"1,491 sqft",Residential,193 sqft,"290,902 sqft",Yes
8344272,AL SAYYAH & SONS INVESTMENT (L.L.C.),Freehold,735 sqft,Residential,68 sqft,"846,914 sqft",Yes
8579254,ZENICA PROPERTY DEVELOPMENT L.L.C,NA,NA,NA,NA,NA,NA
8513567,EMAAR PROPERTIES (P.J.S.C),Freehold,922 sqft,Residential,80 sqft,"366,045 sqft",Yes
8509550,SCOPE INVESTMENT L L C - DUBAI BRANCH,Freehold,"1,868 sqft",Other,266 sqft,"940,502 sqft",Yes
8350248,TEBYAN REAL ESTATE DEVELOPMENT ENTERPRISES (LLC),Freehold,406 sqft,Residential,51 sqft,"107,473 sqft",Yes
8396182,TORCH SELECT LIMITED,Freehold,808 sqft,Residential,114 sqft,"852,218 sqft",Yes
8533647,BAY CENTRAL DEVELOPMENTS LIMITED,Freehold,"1,149 sqft",Residential,137 sqft,"277,517 sqft",Yes
8264868,ZENICA PROPERTY DEVELOPMENT L.L.C,NA,NA,NA,NA,NA,NA
6519509,EMAAR PROPERTIES (P.J.S.C),Freehold,"1,302 sqft",Residential,58 sqft,"435,062 sqft",Yes
8545153,EMAAR PROPERTIES (P.J.S.C),Freehold,"1,302 sqft",Residential,58 sqft,"433,754 sqft",Yes
7454384,DHEERAJ & EAST COAST (L.L.C),Freehold,"1,287 sqft",Residential,110 sqft,"223,642 sqft",Yes
8486813,NA,Freehold,"2,451 sqft",Residential,179 sqft,"411,917 sqft",Yes
8186276,BAY CENTRAL DEVELOPMENTS LIMITED,Freehold,647 sqft,Residential,51 sqft,"277,517 sqft",Yes
8494249,WEST AVENUE LIMITED,Freehold,"1,237 sqft",Residential,177 sqft,"267,598 sqft",Yes
6237477,EMAAR PROPERTIES (P.J.S.C),Freehold,"1,367 sqft",Residential,108 sqft,"293,542 sqft",Yes
8500428,NA,Freehold,789 sqft,Residential,56 sqft,"124,220 sqft",Yes
8464311,BAY CENTRAL DEVELOPMENTS LIMITED,Freehold,651 sqft,Residential,54 sqft,"324,780 sqft",Yes
8146600,NA,Freehold,"1,858 sqft",Residential,99 sqft,"207,736 sqft",Yes
8536637,ZENICA PROPERTY DEVELOPMENT L.L.C,NA,NA,NA,NA,NA,NA
8523869,TRIDENT INTERNATIONAL HOLDING (FZCO),Freehold,"1,653 sqft",Residential,269 sqft,"358,606 sqft",Yes
8254934,AL SAYYAH & SONS INVESTMENT (L.L.C.),Freehold,778 sqft,Residential,NA,"846,914 sqft",Yes
8223817,AL SAYYAH & SONS INVESTMENT (L.L.C.),Freehold,967 sqft,Residential,87 sqft,"846,914 sqft",Yes
8489131,WEST AVENUE LIMITED,Freehold,"1,237 sqft",Residential,177 sqft,"267,598 sqft",Yes
8497311,NA,Freehold,704 sqft,Residential,NA,"321,210 sqft",Yes
8315710,EMAAR DEVELOPMENT P.J.S.C.,Freehold,"1,152 sqft",Other,124 sqft,"1,403,598 sqft",Yes
8168815,NA,Freehold,"1,410 sqft",Residential,75 sqft,"207,736 sqft",Yes
8253958,TRIDENT INTERNATIONAL HOLDING (FZCO),Freehold,"1,653 sqft",Residential,269 sqft,"358,606 sqft",Yes
8322403,TRIDENT INTERNATIONAL HOLDING (FZCO),Freehold,"1,776 sqft",Residential,141 sqft,"530,884 sqft",Yes
8452114,NA,Freehold,678 sqft,Residential,84 sqft,"500,579 sqft",Yes
8409580,ZUMURUD REAL ESTATE - sole proprietorship L.L.C,Freehold,819 sqft,Residential,143 sqft,"279,413 sqft",Yes
6939566,NA,Freehold,891 sqft,Residential,59 sqft,"275,870 sqft",Yes
8444560,WEST AVENUE LIMITED,Freehold,700 sqft,Residential,104 sqft,"267,598 sqft",Yes
5527158,NA,Freehold,"1,350 sqft",Residential,74 sqft,"207,736 sqft",Yes
8457918,EMAAR PROPERTIES (P.J.S.C),Freehold,709 sqft,Residential,NA,"366,045 sqft",Yes
8173127,NA,Freehold,"1,392 sqft",Residential,44 sqft,"147,836 sqft",Yes
8428502,EMAAR DEVELOPMENT P.J.S.C.,Freehold,"3,965 sqft",Other,"1,392 sqft","1,403,598 sqft",Yes
7281070,ZENICA PROPERTY DEVELOPMENT L.L.C,NA,NA,NA,NA,NA,NA
8129887,NA,Freehold,"1,586 sqft",Residential,105 sqft,"330,421 sqft",Yes
7726031,NA,Freehold,"1,804 sqft",Residential,301 sqft,"305,965 sqft",Yes
8388838,NA,Freehold,722 sqft,Residential,141 sqft,NA,Yes
5635820,NA,Freehold,"3,888 sqft",Residential,562 sqft,"1,326,014 sqft",Yes
8307864,ZUMURUD REAL ESTATE - sole proprietorship L.L.C,Freehold,370 sqft,Residential,NA,"279,413 sqft",Yes
7559908,NA,Freehold,"2,440 sqft",Residential,236 sqft,"173,612 sqft",Yes
5498442,NA,Freehold,"1,854 sqft",Residential,107 sqft,"330,421 sqft",Yes
6344109,BAY CENTRAL DEVELOPMENTS LIMITED,Freehold,"1,538 sqft",Residential,137 sqft,"277,517 sqft",Yes
8305363,NA,Freehold,714 sqft,Residential,69 sqft,"169,611 sqft",Yes
8380280,HIRCON INTERNATIONAL L.L.C,Freehold,"1,617 sqft",Residential,146 sqft,"886,537 sqft",Yes
5707965,NA,NA,NA,NA,NA,"345,350 sqft",NA
8157856,NA,NA,NA,NA,NA,"326,421 sqft",NA
6126627,GKT HOLDINGS LIMITED,Freehold,910 sqft,Residential,125 sqft,"294,679 sqft",Yes
8315919,SCOPE INVESTMENT L L C - DUBAI BRANCH,Freehold,"2,326 sqft",Other,285 sqft,"940,502 sqft",Yes
5333448,NA,Freehold,"1,371 sqft",Residential,158 sqft,"211,465 sqft",Yes
8302179,EMAAR PROPERTIES (P.J.S.C),Freehold,"1,367 sqft",Residential,108 sqft,"293,542 sqft",Yes
8346226,EMAAR PROPERTIES (P.J.S.C),Freehold,983 sqft,Other,47 sqft,"204,945 sqft",Yes
8229586,SELECT GLOBAL DEVELOPMENT L.L.C,Freehold,714 sqft,Residential,62 sqft,"264,403 sqft",Yes
8590618,EMAAR DEVELOPMENT P.J.S.C.,Freehold,"1,801 sqft",Residential,180 sqft,"1,465,941 sqft",Yes
8574035,SELECT GLOBAL DEVELOPMENT L.L.C,Freehold,609 sqft,Residential,39 sqft,"1,403,677 sqft",Yes
8574976,NA,Freehold,947 sqft,Residential,46 sqft,"147,836 sqft",Yes
8555992,NA,Freehold,953 sqft,Residential,156 sqft,"247,478 sqft",Yes
8569888,NA,Freehold,"1,150 sqft",Residential,128 sqft,"269,282 sqft",Yes
8555994,TRIDENT INTERNATIONAL HOLDING (FZCO),Freehold,"1,703 sqft",Residential,407 sqft,"170,995 sqft",NA
8562107,NA,Freehold,"1,546 sqft",Residential,235 sqft,"261,612 sqft",Yes
8530796,GLOBAL GROUP INTERNATIONAL LIMITED,Freehold,858 sqft,Residential,145 sqft,"345,350 sqft",Yes
8555133,EMAAR PROPERTIES (P.J.S.C),Freehold,540 sqft,Residential,59 sqft,"1,565,456 sqft",NA
8544468,NA,Freehold,"1,491 sqft",Residential,193 sqft,"216,192 sqft",Yes
8474727,CAYAN REAL ESTATE INVESTMENT & DEVELOPMENT L.L.C,Freehold,609 sqft,Residential,NA,"342,968 sqft",Yes
8583079,NA,Freehold,484 sqft,Residential,103 sqft,NA,Yes
8361014,AL SAYYAH & SONS INVESTMENT (L.L.C.),Freehold,"1,391 sqft",Residential,156 sqft,"846,914 sqft",Yes
8407072,NA,Freehold,"2,959 sqft",Residential,"1,790 sqft","197,703 sqft",Yes
8410140,DAMAC PROPERTIES CO (L.L.C),Freehold,"1,620 sqft",Residential,391 sqft,"810,161 sqft",NA
8401767,AL SAYYAH & SONS INVESTMENT (L.L.C.),Freehold,735 sqft,Residential,68 sqft,"846,914 sqft",Yes
8325449,NA,Freehold,"1,405 sqft",Residential,65 sqft,"138,520 sqft",Yes
8325169,SCOPE INVESTMENT L L C - DUBAI BRANCH,Freehold,"2,476 sqft",Other,388 sqft,"940,502 sqft",Yes
8160877,NA,NA,NA,NA,NA,"846,914 sqft",NA
7973106,TRIDENT INTERNATIONAL HOLDING (FZCO),Freehold,"1,603 sqft",Residential,295 sqft,"530,884 sqft",Yes
7775667,DAMAC GULF PROPERTIES (L.L.C),Freehold,967 sqft,Residential,89 sqft,"884,073 sqft",Yes
8605103,ZENICA PROPERTY DEVELOPMENT L.L.C,NA,NA,NA,NA,NA,NA
8605104,ZENICA PROPERTY DEVELOPMENT L.L.C,NA,NA,NA,NA,NA,NA
8284269,NA,Freehold,"1,163 sqft",Residential,284 sqft,"207,736 sqft",Yes
8466892,SELECT GLOBAL DEVELOPMENT L.L.C,Freehold,945 sqft,Residential,43 sqft,"1,403,677 sqft",Yes
8348723,CAYAN REAL ESTATE INVESTMENT & DEVELOPMENT L.L.C,Freehold,"1,788 sqft",Residential,157 sqft,"342,968 sqft",Yes
8296381,SCOPE INVESTMENT L L C - DUBAI BRANCH,Freehold,740 sqft,Other,41 sqft,"940,502 sqft",Yes
8474727,CAYAN REAL ESTATE INVESTMENT & DEVELOPMENT L.L.C,Freehold,609 sqft,Residential,NA,"342,968 sqft",Yes
8600068,TRIDENT INTERNATIONAL HOLDING (FZCO),Freehold,"1,709 sqft",Residential,406 sqft,"170,995 sqft",NA
8508062,TIGER PROPERTIES,Freehold,"1,583 sqft",Residential,150 sqft,"849,284 sqft",Yes
8616254,NA,Freehold,"1,064 sqft",Residential,162 sqft,"261,612 sqft",Yes
8498876,TAMEER HOLDING INVESTMENT   (LLC),Freehold,"1,999 sqft",Residential,168 sqft,"1,097,409 sqft",Yes
8497546,EMAAR DEVELOPMENT P.J.S.C.,Freehold,"1,095 sqft",Other,102 sqft,"1,403,598 sqft",Yes
8504044,EMAAR DEVELOPMENT P.J.S.C.,Freehold,685 sqft,Other,46 sqft,"1,403,598 sqft",Yes
8511336,EMAAR DEVELOPMENT P.J.S.C.,Freehold,"1,154 sqft",Other,123 sqft,"1,403,598 sqft",Yes
8522755,TAMEER HOLDING INVESTMENT   (LLC),Freehold,"1,331 sqft",Residential,37 sqft,"925,527 sqft",Yes
8088967,THARWAA ESCAN INVESTMENTS (L.L.C),Freehold,703 sqft,Residential,109 sqft,"278,342 sqft",Yes
8525969,HALCON REAL ESTATE DEVELOPMEMNT (L.L.C),Freehold,722 sqft,Residential,71 sqft,"231,557 sqft",Yes
8473400,NA,Freehold,823 sqft,Residential,65 sqft,"290,902 sqft",Yes
8580500,ETA STAR PROPERTY DEVELOPERS L.L.C,Freehold,"1,496 sqft",Residential,190 sqft,"83,997 sqft",Yes
8378185,CAYAN REAL ESTATE INVESTMENT & DEVELOPMENT L.L.C,Freehold,832 sqft,Residential,97 sqft,"264,007 sqft",Yes
8383617,NA,Freehold,517 sqft,Residential,103 sqft,"439,936 sqft",Yes
8384842,ZENICA PROPERTY DEVELOPMENT L.L.C,NA,NA,NA,NA,NA,NA
8508000,TAMEER HOLDING INVESTMENT   (LLC),Freehold,"1,179 sqft",Residential,114 sqft,"1,097,409 sqft",Yes
8535122,TAMEER HOLDING INVESTMENT   (LLC),Freehold,864 sqft,Residential,113 sqft,"1,097,409 sqft",Yes
8125601,CAYAN REAL ESTATE INVESTMENT & DEVELOPMENT L.L.C,Freehold,"1,255 sqft",Residential,35 sqft,"720,602 sqft",Yes
8594102,ZENICA PROPERTY DEVELOPMENT L.L.C,NA,NA,NA,NA,NA,NA
8491031,T F G REAL ESTATE L.L.C,NA,NA,NA,NA,NA,NA
8320003,L I V REAL ESTATE DEVELOPMENT L.L.C,NA,NA,NA,NA,NA,NA
8581461,L I V REAL ESTATE DEVELOPMENT L.L.C,NA,NA,NA,NA,NA,NA
8328529,NA,Freehold,"1,303 sqft",Residential,57 sqft,"283,672 sqft",Yes
8594635,NA,NA,NA,NA,NA,"268,322 sqft",NA
8580758,SELECT GLOBAL DEVELOPMENT L.L.C,Freehold,"1,055 sqft",Residential,458 sqft,"264,403 sqft",Yes
8585379,NA,Freehold,"1,103 sqft",Residential,139 sqft,"81,708 sqft",Yes
8595938,CAYAN REAL ESTATE INVESTMENT & DEVELOPMENT L.L.C,Freehold,"1,441 sqft",Residential,97 sqft,"342,968 sqft",Yes
8160877,NA,NA,NA,NA,NA,"846,914 sqft",NA
8569231,TEBYAN REAL ESTATE DEVELOPMENT ENTERPRISES (LLC),Freehold,970 sqft,Residential,208 sqft,"107,473 sqft",Yes
8570583,NA,Freehold,700 sqft,Residential,129 sqft,"439,936 sqft",Yes
8344272,AL SAYYAH & SONS INVESTMENT (L.L.C.),Freehold,735 sqft,Residential,68 sqft,"846,914 sqft",Yes
8569948,BAY CENTRAL DEVELOPMENTS LIMITED,Freehold,646 sqft,Residential,51 sqft,"277,517 sqft",Yes
8503238,SELECT GLOBAL DEVELOPMENT L.L.C,Freehold,868 sqft,Residential,128 sqft,"610,210 sqft",Yes
8498357,NA,Freehold,953 sqft,Residential,60 sqft,"138,520 sqft",Yes
8478210,NA,Freehold,"1,562 sqft",Residential,59 sqft,"154,935 sqft",NA
8491780,SCOPE INVESTMENT L L C - DUBAI BRANCH,Freehold,"1,529 sqft",Other,192 sqft,"940,502 sqft",Yes
8513567,EMAAR PROPERTIES (P.J.S.C),Freehold,922 sqft,Residential,80 sqft,"366,045 sqft",Yes
8305653,GLOBAL GROUP HOLDINGS LIMITED,Freehold,"1,339 sqft",Residential,258 sqft,"370,459 sqft",Yes
8344342,NA,NA,NA,NA,NA,"268,322 sqft",NA
8344506,NA,NA,NA,NA,NA,"107,473 sqft",NA
8396182,TORCH SELECT LIMITED,Freehold,808 sqft,Residential,114 sqft,"852,218 sqft",Yes
8533647,BAY CENTRAL DEVELOPMENTS LIMITED,Freehold,"1,149 sqft",Residential,137 sqft,"277,517 sqft",Yes
8302937,TEBYAN REAL ESTATE DEVELOPMENT ENTERPRISES (LLC),Freehold,"1,868 sqft",Residential,207 sqft,"268,322 sqft",Yes
8471520,EMAAR PROPERTIES (P.J.S.C),Freehold,775 sqft,Residential,NA,"293,542 sqft",Yes
6519509,EMAAR PROPERTIES (P.J.S.C),Freehold,"1,302 sqft",Residential,58 sqft,"435,062 sqft",Yes
8545153,EMAAR PROPERTIES (P.J.S.C),Freehold,"1,302 sqft",Residential,58 sqft,"433,754 sqft",Yes
8534006,EMAAR PROPERTIES (P.J.S.C),Freehold,"1,333 sqft",Residential,59 sqft,"1,565,456 sqft",NA
8534191,EMAAR PROPERTIES (P.J.S.C),Freehold,545 sqft,Residential,59 sqft,"1,565,456 sqft",NA
8533863,EMAAR PROPERTIES (P.J.S.C),Freehold,848 sqft,Residential,NA,"1,565,456 sqft",NA
8531209,TAMEER HOLDING INVESTMENT   (LLC),Freehold,"1,331 sqft",Residential,37 sqft,"925,527 sqft",Yes
8382216,HIRCON INTERNATIONAL L.L.C,Freehold,"2,146 sqft",Residential,154 sqft,"886,537 sqft",Yes
8467538,NA,Freehold,"1,392 sqft",Residential,44 sqft,"147,836 sqft",Yes
7454384,DHEERAJ & EAST COAST (L.L.C),Freehold,"1,287 sqft",Residential,110 sqft,"223,642 sqft",Yes
8264917,TAMEER HOLDING INVESTMENT   (LLC),Freehold,"1,183 sqft",Residential,114 sqft,"1,097,409 sqft",Yes
7997869,TAMEER HOLDING INVESTMENT   (LLC),Freehold,"1,183 sqft",Residential,114 sqft,"1,097,409 sqft",Yes
8186276,BAY CENTRAL DEVELOPMENTS LIMITED,Freehold,647 sqft,Residential,51 sqft,"277,517 sqft",Yes
7973106,TRIDENT INTERNATIONAL HOLDING (FZCO),Freehold,"1,603 sqft",Residential,295 sqft,"530,884 sqft",Yes
8538537,TORCH SELECT LIMITED,Freehold,887 sqft,Residential,71 sqft,"852,218 sqft",Yes
8494249,WEST AVENUE LIMITED,Freehold,"1,237 sqft",Residential,177 sqft,"267,598 sqft",Yes
6237477,EMAAR PROPERTIES (P.J.S.C),Freehold,"1,367 sqft",Residential,108 sqft,"293,542 sqft",Yes
8534368,SELECT GLOBAL DEVELOPMENT L.L.C,Freehold,499 sqft,Residential,85 sqft,"264,403 sqft",Yes
8533649,NA,Freehold,"1,351 sqft",Residential,171 sqft,"330,196 sqft",Yes
8118386,NA,Freehold,"1,185 sqft",Residential,90 sqft,"179,561 sqft",Yes
8544382,ZENICA PROPERTY DEVELOPMENT L.L.C,NA,NA,NA,NA,NA,NA
8500428,NA,Freehold,789 sqft,Residential,56 sqft,"124,220 sqft",Yes
8464311,BAY CENTRAL DEVELOPMENTS LIMITED,Freehold,651 sqft,Residential,54 sqft,"324,780 sqft",Yes
7685585,SELECT GLOBAL DEVELOPMENT L.L.C,Freehold,611 sqft,Residential,39 sqft,"1,403,677 sqft",Yes
8370937,EMAAR DEVELOPMENT P.J.S.C.,Freehold,"1,087 sqft",Other,102 sqft,"1,403,598 sqft",Yes
8146600,NA,Freehold,"1,858 sqft",Residential,99 sqft,"207,736 sqft",Yes
8454240,SCOPE INVESTMENT L L C - DUBAI BRANCH,Freehold,"1,868 sqft",Other,266 sqft,"940,502 sqft",Yes
8158061,NA,NA,NA,NA,NA,"153,653 sqft",NA
8201600,ZENICA PROPERTY DEVELOPMENT L.L.C,NA,NA,NA,NA,NA,NA
8202039,ZENICA PROPERTY DEVELOPMENT L.L.C,NA,NA,NA,NA,NA,NA
8202038,ZENICA PROPERTY DEVELOPMENT L.L.C,NA,NA,NA,NA,NA,NA
8536637,ZENICA PROPERTY DEVELOPMENT L.L.C,NA,NA,NA,NA,NA,NA
8523869,TRIDENT INTERNATIONAL HOLDING (FZCO),Freehold,"1,653 sqft",Residential,269 sqft,"358,606 sqft",Yes
8254934,AL SAYYAH & SONS INVESTMENT (L.L.C.),Freehold,778 sqft,Residential,NA,"846,914 sqft",Yes
8223817,AL SAYYAH & SONS INVESTMENT (L.L.C.),Freehold,967 sqft,Residential,87 sqft,"846,914 sqft",Yes
8489131,WEST AVENUE LIMITED,Freehold,"1,237 sqft",Residential,177 sqft,"267,598 sqft",Yes
8279018,NA,Freehold,"1,350 sqft",Residential,74 sqft,"207,736 sqft",Yes
8497311,NA,Freehold,704 sqft,Residential,NA,"321,210 sqft",Yes
8013355,L I V REAL ESTATE DEVELOPMENT L.L.C,NA,NA,NA,NA,NA,NA
8241181,EMAAR DEVELOPMENT P.J.S.C.,Freehold,"1,314 sqft",Other,287 sqft,"1,403,598 sqft",Yes
8465952,GKT HOLDINGS LIMITED,Freehold,"1,350 sqft",Residential,308 sqft,"294,679 sqft",Yes
8395645,EMAAR DEVELOPMENT P.J.S.C.,Freehold,"2,307 sqft",Other,223 sqft,"1,403,598 sqft",Yes
8110034,TRIDENT INTERNATIONAL HOLDING (FZCO),Freehold,"4,774 sqft",Residential,"1,934 sqft","469,357 sqft",Yes
8443128,HIRCON INTERNATIONAL L.L.C,Freehold,"2,980 sqft",Residential,365 sqft,"886,537 sqft",Yes
8308351,NA,NA,NA,NA,NA,"925,527 sqft",NA
8213579,WEST AVENUE LIMITED,Freehold,"1,331 sqft",Residential,180 sqft,"267,598 sqft",Yes
8465546,SCOPE INVESTMENT L L C - DUBAI BRANCH,Freehold,"1,836 sqft",Other,228 sqft,"940,502 sqft",Yes
8468750,EMAAR DEVELOPMENT P.J.S.C.,Freehold,"2,307 sqft",Other,223 sqft,"1,403,598 sqft",Yes
8508209,TIGER PROPERTIES,Freehold,792 sqft,Residential,157 sqft,"849,284 sqft",Yes
8508132,AL SAYYAH & SONS INVESTMENT (L.L.C.),Freehold,910 sqft,Residential,98 sqft,"846,914 sqft",Yes
8181224,NA,NA,NA,NA,NA,"370,407 sqft",NA
8486367,NA,NA,NA,NA,NA,"370,407 sqft",NA
8377156,NA,NA,NA,NA,NA,"1,379,605 sqft",NA
8168815,NA,Freehold,"1,410 sqft",Residential,75 sqft,"207,736 sqft",Yes
8454831,TORCH SELECT LIMITED,Freehold,"1,258 sqft",Other,78 sqft,"852,218 sqft",Yes
8205691,SCOPE INVESTMENT L L C - DUBAI BRANCH,Freehold,"1,529 sqft",Other,192 sqft,"940,502 sqft",Yes
8197533,ZENICA PROPERTY DEVELOPMENT L.L.C,NA,NA,NA,NA,NA,NA
8509151,L I V REAL ESTATE DEVELOPMENT L.L.C,NA,NA,NA,NA,NA,NA
8474934,SELECT GLOBAL DEVELOPMENT L.L.C,Freehold,"2,130 sqft",Residential,262 sqft,"1,403,677 sqft",Yes
8463308,DAMAC GULF PROPERTIES (L.L.C),Freehold,"1,512 sqft",Residential,172 sqft,"884,073 sqft",Yes
8024458,EMAAR PROPERTIES (P.J.S.C),NA,NA,NA,NA,NA,NA
8009124,DAMAC GULF PROPERTIES (L.L.C),Freehold,848 sqft,Residential,131 sqft,"884,073 sqft",Yes
8430798,SELECT GLOBAL DEVELOPMENT L.L.C,Freehold,"1,396 sqft",Residential,109 sqft,"610,210 sqft",Yes
8253958,TRIDENT INTERNATIONAL HOLDING (FZCO),Freehold,"1,653 sqft",Residential,269 sqft,"358,606 sqft",Yes
8501721,SELECT GLOBAL DEVELOPMENT L.L.C,Freehold,"1,812 sqft",Residential,216 sqft,"703,394 sqft",Yes
8322403,TRIDENT INTERNATIONAL HOLDING (FZCO),Freehold,"1,776 sqft",Residential,141 sqft,"530,884 sqft",Yes
8444495,SELECT GLOBAL DEVELOPMENT L.L.C,Freehold,591 sqft,Residential,102 sqft,"264,403 sqft",Yes
8305871,TAMEER HOLDING INVESTMENT   (LLC),Freehold,960 sqft,Residential,35 sqft,"925,527 sqft",Yes
8476557,SELECT GLOBAL DEVELOPMENT L.L.C,Freehold,"1,204 sqft",Residential,153 sqft,"703,394 sqft",Yes
6976321,NA,Freehold,"1,391 sqft",Other,208 sqft,"439,936 sqft",Yes
6939566,NA,Freehold,891 sqft,Residential,59 sqft,"275,870 sqft",Yes
8465354,DREAM ESTATE LIMITED,Freehold,"1,760 sqft",Residential,216 sqft,"689,176 sqft",Yes
8444560,WEST AVENUE LIMITED,Freehold,700 sqft,Residential,104 sqft,"267,598 sqft",Yes
8427309,ZUMURUD REAL ESTATE - sole proprietorship L.L.C,Freehold,866 sqft,Residential,92 sqft,"279,413 sqft",Yes
5527158,NA,Freehold,"1,350 sqft",Residential,74 sqft,"207,736 sqft",Yes
8429080,DAMAC PROPERTIES CO (L.L.C),Freehold,"1,851 sqft",Residential,146 sqft,"810,161 sqft",Yes
8473257,SHEFFIELD REAL ESTAT.L .L .C,Freehold,"1,329 sqft",Residential,244 sqft,"132,379 sqft",Yes
8006880,MARINA LIV DEVELOPMENT (Br of MARINA 2 GROUP LIMITED ) - DUBAI BRANCH,NA,NA,NA,NA,NA,NA
8290256,T F G REAL ESTATE L.L.C,NA,NA,NA,NA,NA,NA
8452491,EMAAR DEVELOPMENT P.J.S.C.,Freehold,"1,653 sqft",Other,134 sqft,"1,403,598 sqft",Yes
8227536,TIGER PROPERTIES,Freehold,801 sqft,Residential,115 sqft,"849,284 sqft",Yes
8173127,NA,Freehold,"1,392 sqft",Residential,44 sqft,"147,836 sqft",Yes
8428502,EMAAR DEVELOPMENT P.J.S.C.,Freehold,"3,965 sqft",Other,"1,392 sqft","1,403,598 sqft",Yes
8458676,DAMAC PROPERTIES CO (L.L.C),Freehold,"1,537 sqft",Residential,146 sqft,"810,161 sqft",Yes
8464694,EMAAR DEVELOPMENT P.J.S.C.,Freehold,"1,102 sqft",Other,102 sqft,"1,403,598 sqft",Yes
7281070,ZENICA PROPERTY DEVELOPMENT L.L.C,NA,NA,NA,NA,NA,NA
8462802,CAYAN REAL ESTATE INVESTMENT & DEVELOPMENT L.L.C,Freehold,"1,372 sqft",Residential,38 sqft,"720,602 sqft",Yes
8245363,DREAM ESTATE LIMITED,Freehold,"1,760 sqft",Residential,216 sqft,"689,176 sqft",Yes
8375627,SELECT GLOBAL DEVELOPMENT L.L.C,Freehold,"1,517 sqft",Residential,223 sqft,"1,403,677 sqft",Yes
8405774,NA,Freehold,891 sqft,Residential,59 sqft,"275,870 sqft",Yes
8432995,EMAAR DEVELOPMENT P.J.S.C.,Freehold,680 sqft,Residential,85 sqft,"1,465,941 sqft",Yes
8253176,MARINA ARCADE REAL ESTATE (L.L.C),Freehold,"2,410 sqft",Residential,154 sqft,"858,187 sqft",Yes
8129887,NA,Freehold,"1,586 sqft",Residential,105 sqft,"330,421 sqft",Yes
7726031,NA,Freehold,"1,804 sqft",Residential,301 sqft,"305,965 sqft",Yes
8395553,TAMEER HOLDING INVESTMENT   (LLC),Freehold,960 sqft,Residential,42 sqft,"925,527 sqft",Yes
8388838,NA,Freehold,722 sqft,Residential,141 sqft,"439,936 sqft",Yes
7829719,DEYAAR DEVELOPMENT (P.J.S.C),Freehold,"3,554 sqft",Other,280 sqft,"568,337 sqft",Yes
5635820,NA,Freehold,"3,888 sqft",Residential,562 sqft,"1,326,014 sqft",Yes
8307864,ZUMURUD REAL ESTATE - sole proprietorship L.L.C,Freehold,370 sqft,Residential,NA,"279,413 sqft",Yes
5498442,NA,Freehold,"1,854 sqft",Residential,107 sqft,"330,421 sqft",Yes
8045618,EMAAR PROPERTIES (P.J.S.C),Freehold,826 sqft,Residential,47 sqft,"204,945 sqft",Yes
8436696,EMAAR DEVELOPMENT P.J.S.C.,Freehold,"1,094 sqft",Other,102 sqft,"1,403,598 sqft",Yes
8439017,SELECT GLOBAL DEVELOPMENT L.L.C,Freehold,"1,097 sqft",Residential,119 sqft,"255,330 sqft",Yes
8357641,NA,Freehold,"2,356 sqft",Residential,185 sqft,"498,918 sqft",Yes
8160684,NA,NA,NA,NA,NA,"1,326,014 sqft",NA
8431472,DREAM ESTATE LIMITED,Freehold,"1,779 sqft",Residential,216 sqft,"689,176 sqft",Yes
8147924,NA,Freehold,404 sqft,Residential,48 sqft,"247,478 sqft",Yes
8410997,DAMAC GULF PROPERTIES (L.L.C),Freehold,"1,328 sqft",Residential,29 sqft,"884,073 sqft",Yes
8268007,SELECT GLOBAL DEVELOPMENT L.L.C,Freehold,"1,424 sqft",Residential,92 sqft,"1,403,677 sqft",Yes
8425603,DAMAC GULF PROPERTIES (L.L.C),Freehold,825 sqft,Residential,159 sqft,"884,073 sqft",Yes
8322536,EMAAR DEVELOPMENT P.J.S.C.,Freehold,685 sqft,Other,46 sqft,"1,403,598 sqft",Yes
8109536,NA,NA,NA,NA,NA,"1,403,598 sqft",NA
8425498,TAMEER HOLDING INVESTMENT   (LLC),Freehold,"2,008 sqft",Residential,167 sqft,"1,097,409 sqft",Yes
8196104,MARINA LIV DEVELOPMENT (Br of MARINA 2 GROUP LIMITED ) - DUBAI BRANCH,NA,NA,NA,NA,NA,NA
8305363,NA,Freehold,714 sqft,Residential,69 sqft,"169,611 sqft",Yes
8380280,HIRCON INTERNATIONAL L.L.C,Freehold,"1,617 sqft",Residential,146 sqft,"886,537 sqft",Yes
7881066,CAYAN REAL ESTATE INVESTMENT & DEVELOPMENT L.L.C,Freehold,"1,255 sqft",Residential,35 sqft,"720,602 sqft",Yes
7775667,DAMAC GULF PROPERTIES (L.L.C),Freehold,967 sqft,Residential,89 sqft,"884,073 sqft",Yes
8436105,ZENICA PROPERTY DEVELOPMENT L.L.C,NA,NA,NA,NA,NA,NA
8157856,NA,NA,NA,NA,NA,"326,421 sqft",NA
8388951,EMAAR DEVELOPMENT P.J.S.C.,Freehold,993 sqft,Other,155 sqft,"1,403,598 sqft",Yes
6126627,GKT HOLDINGS LIMITED,Freehold,910 sqft,Residential,125 sqft,"294,679 sqft",Yes
8315919,SCOPE INVESTMENT L L C - DUBAI BRANCH,Freehold,"2,326 sqft",Other,285 sqft,"940,502 sqft",Yes
8320267,SCOPE INVESTMENT L L C - DUBAI BRANCH,Freehold,"1,063 sqft",Other,139 sqft,"940,502 sqft",Yes
8072294,NA,Freehold,"2,487 sqft",Residential,517 sqft,"120,642 sqft",Yes
8424358,EMAAR PROPERTIES (P.J.S.C),NA,NA,NA,NA,NA,NA
8166319,SELECT GLOBAL DEVELOPMENT L.L.C,Freehold,"1,516 sqft",Residential,223 sqft,"1,403,677 sqft",Yes
8609781,EMAAR DEVELOPMENT P.J.S.C.,Freehold,"1,664 sqft",Other,134 sqft,"1,403,598 sqft",Yes
8612805,SELECT GLOBAL DEVELOPMENT L.L.C,Freehold,691 sqft,Residential,48 sqft,"610,210 sqft",Yes
8628186,NA,Freehold,938 sqft,Residential,47 sqft,"305,965 sqft",Yes
8609720,SELECT GLOBAL DEVELOPMENT L.L.C,Freehold,609 sqft,Residential,39 sqft,"1,403,677 sqft",Yes
8605103,ZENICA PROPERTY DEVELOPMENT L.L.C,NA,NA,NA,NA,NA,NA
8605104,ZENICA PROPERTY DEVELOPMENT L.L.C,NA,NA,NA,NA,NA,NA
8284269,NA,Freehold,"1,163 sqft",Residential,284 sqft,"207,736 sqft",Yes
8466892,SELECT GLOBAL DEVELOPMENT L.L.C,Freehold,945 sqft,Residential,43 sqft,"1,403,677 sqft",Yes
8348723,CAYAN REAL ESTATE INVESTMENT & DEVELOPMENT L.L.C,Freehold,"1,788 sqft",Residential,157 sqft,"342,968 sqft",Yes
8296381,SCOPE INVESTMENT L L C - DUBAI BRANCH,Freehold,740 sqft,Other,41 sqft,"940,502 sqft",Yes
8474727,CAYAN REAL ESTATE INVESTMENT & DEVELOPMENT L.L.C,Freehold,609 sqft,Residential,NA,"342,968 sqft",Yes
8600068,TRIDENT INTERNATIONAL HOLDING (FZCO),Freehold,"1,709 sqft",Residential,406 sqft,"170,995 sqft",NA
8626669,T F G REAL ESTATE L.L.C,NA,NA,NA,NA,NA,NA
8508062,TIGER PROPERTIES,Freehold,"1,583 sqft",Residential,150 sqft,"849,284 sqft",Yes
8616254,NA,Freehold,"1,064 sqft",Residential,162 sqft,"261,612 sqft",Yes
8498876,TAMEER HOLDING INVESTMENT   (LLC),Freehold,"1,999 sqft",Residential,168 sqft,"1,097,409 sqft",Yes
8497546,EMAAR DEVELOPMENT P.J.S.C.,Freehold,"1,095 sqft",Other,102 sqft,"1,403,598 sqft",Yes
8504044,EMAAR DEVELOPMENT P.J.S.C.,Freehold,685 sqft,Other,46 sqft,"1,403,598 sqft",Yes
8511336,EMAAR DEVELOPMENT P.J.S.C.,Freehold,"1,154 sqft",Other,123 sqft,"1,403,598 sqft",Yes
8088967,THARWAA ESCAN INVESTMENTS (L.L.C),Freehold,703 sqft,Residential,109 sqft,"278,342 sqft",Yes
8525969,HALCON REAL ESTATE DEVELOPMEMNT (L.L.C),Freehold,722 sqft,Residential,71 sqft,"231,557 sqft",Yes
8473400,NA,Freehold,823 sqft,Residential,65 sqft,"290,902 sqft",Yes
8580500,ETA STAR PROPERTY DEVELOPERS L.L.C,Freehold,"1,496 sqft",Residential,190 sqft,"83,997 sqft",Yes
8590618,NA,NA,NA,NA,NA,"1,465,941 sqft",NA
8378185,CAYAN REAL ESTATE INVESTMENT & DEVELOPMENT L.L.C,Freehold,832 sqft,Residential,97 sqft,"264,007 sqft",Yes
8383617,NA,Freehold,517 sqft,Residential,103 sqft,"439,936 sqft",Yes
8384842,ZENICA PROPERTY DEVELOPMENT L.L.C,NA,NA,NA,NA,NA,NA
8508000,TAMEER HOLDING INVESTMENT   (LLC),Freehold,"1,179 sqft",Residential,114 sqft,"1,097,409 sqft",Yes
8535122,TAMEER HOLDING INVESTMENT   (LLC),Freehold,864 sqft,Residential,113 sqft,"1,097,409 sqft",Yes
8125601,CAYAN REAL ESTATE INVESTMENT & DEVELOPMENT L.L.C,Freehold,"1,255 sqft",Residential,35 sqft,"720,602 sqft",Yes
8594102,ZENICA PROPERTY DEVELOPMENT L.L.C,NA,NA,NA,NA,NA,NA
8491031,T F G REAL ESTATE L.L.C,NA,NA,NA,NA,NA,NA
8320003,L I V REAL ESTATE DEVELOPMENT L.L.C,NA,NA,NA,NA,NA,NA
8581461,L I V REAL ESTATE DEVELOPMENT L.L.C,NA,NA,NA,NA,NA,NA
8328529,NA,Freehold,"1,303 sqft",Residential,57 sqft,"283,672 sqft",Yes
8594635,TEBYAN REAL ESTATE DEVELOPMENT ENTERPRISES (LLC),Freehold,"1,476 sqft",Residential,203 sqft,"268,322 sqft",Yes
8580758,SELECT GLOBAL DEVELOPMENT L.L.C,Freehold,"1,055 sqft",Residential,458 sqft,"264,403 sqft",Yes
8585379,NA,Freehold,"1,103 sqft",Residential,139 sqft,"81,708 sqft",Yes
8595938,CAYAN REAL ESTATE INVESTMENT & DEVELOPMENT L.L.C,Freehold,"1,441 sqft",Residential,97 sqft,"342,968 sqft",Yes
8160877,NA,NA,NA,NA,NA,"846,914 sqft",NA
8569231,TEBYAN REAL ESTATE DEVELOPMENT ENTERPRISES (LLC),Freehold,970 sqft,Residential,208 sqft,"107,473 sqft",Yes
8570583,NA,Freehold,700 sqft,Residential,129 sqft,"439,936 sqft",Yes
8344272,AL SAYYAH & SONS INVESTMENT (L.L.C.),Freehold,735 sqft,Residential,68 sqft,"846,914 sqft",Yes
8569948,BAY CENTRAL DEVELOPMENTS LIMITED,Freehold,646 sqft,Residential,51 sqft,"277,517 sqft",Yes
8503238,SELECT GLOBAL DEVELOPMENT L.L.C,Freehold,868 sqft,Residential,128 sqft,"610,210 sqft",Yes
8498357,NA,Freehold,953 sqft,Residential,60 sqft,"138,520 sqft",Yes
8478210,NA,Freehold,"1,562 sqft",Residential,59 sqft,"154,935 sqft",NA
8491780,SCOPE INVESTMENT L L C - DUBAI BRANCH,Freehold,"1,529 sqft",Other,192 sqft,"940,502 sqft",Yes
8513567,EMAAR PROPERTIES (P.J.S.C),Freehold,922 sqft,Residential,80 sqft,"366,045 sqft",Yes
8305653,GLOBAL GROUP HOLDINGS LIMITED,Freehold,"1,339 sqft",Residential,258 sqft,"370,459 sqft",Yes
8344342,TEBYAN REAL ESTATE DEVELOPMENT ENTERPRISES (LLC),Freehold,862 sqft,Residential,159 sqft,"268,322 sqft",Yes
8344506,TEBYAN REAL ESTATE DEVELOPMENT ENTERPRISES (LLC),Freehold,417 sqft,Residential,51 sqft,"107,473 sqft",Yes
8396182,TORCH SELECT LIMITED,Freehold,808 sqft,Residential,114 sqft,"852,218 sqft",Yes
8533647,BAY CENTRAL DEVELOPMENTS LIMITED,Freehold,"1,149 sqft",Residential,137 sqft,"277,517 sqft",Yes
8302937,TEBYAN REAL ESTATE DEVELOPMENT ENTERPRISES (LLC),Freehold,"1,868 sqft",Residential,207 sqft,"268,322 sqft",Yes
8471520,EMAAR PROPERTIES (P.J.S.C),Freehold,775 sqft,Residential,NA,"293,542 sqft",Yes
6519509,EMAAR PROPERTIES (P.J.S.C),Freehold,"1,302 sqft",Residential,58 sqft,"435,062 sqft",Yes
8545153,EMAAR PROPERTIES (P.J.S.C),Freehold,"1,302 sqft",Residential,58 sqft,"433,754 sqft",Yes
8534006,EMAAR PROPERTIES (P.J.S.C),Freehold,"1,333 sqft",Residential,59 sqft,"1,565,456 sqft",NA
8534191,EMAAR PROPERTIES (P.J.S.C),Freehold,545 sqft,Residential,59 sqft,"1,565,456 sqft",NA
8533863,EMAAR PROPERTIES (P.J.S.C),Freehold,848 sqft,Residential,NA,"1,565,456 sqft",NA
8382216,HIRCON INTERNATIONAL L.L.C,Freehold,"2,146 sqft",Residential,154 sqft,"886,537 sqft",Yes
8467538,NA,Freehold,"1,392 sqft",Residential,44 sqft,"147,836 sqft",Yes
8264917,TAMEER HOLDING INVESTMENT   (LLC),Freehold,"1,183 sqft",Residential,114 sqft,"1,097,409 sqft",Yes
8166319,SELECT GLOBAL DEVELOPMENT L.L.C,Freehold,"1,516 sqft",Residential,223 sqft,"1,403,677 sqft",Yes
7997869,TAMEER HOLDING INVESTMENT   (LLC),Freehold,"1,183 sqft",Residential,114 sqft,"1,097,409 sqft",Yes
8186276,BAY CENTRAL DEVELOPMENTS LIMITED,Freehold,647 sqft,Residential,51 sqft,"277,517 sqft",Yes
7973106,TRIDENT INTERNATIONAL HOLDING (FZCO),Freehold,"1,603 sqft",Residential,295 sqft,"530,884 sqft",Yes
8538537,TORCH SELECT LIMITED,Freehold,887 sqft,Residential,71 sqft,"852,218 sqft",Yes
8534368,SELECT GLOBAL DEVELOPMENT L.L.C,Freehold,499 sqft,Residential,85 sqft,"264,403 sqft",Yes
8533649,NA,Freehold,"1,351 sqft",Residential,171 sqft,"330,196 sqft",Yes
8118386,NA,Freehold,"1,185 sqft",Residential,90 sqft,"179,561 sqft",Yes
8544382,ZENICA PROPERTY DEVELOPMENT L.L.C,NA,NA,NA,NA,NA,NA
8500428,NA,Freehold,789 sqft,Residential,56 sqft,"124,220 sqft",Yes
8464311,BAY CENTRAL DEVELOPMENTS LIMITED,Freehold,651 sqft,Residential,54 sqft,"324,780 sqft",Yes
7685585,SELECT GLOBAL DEVELOPMENT L.L.C,Freehold,611 sqft,Residential,39 sqft,"1,403,677 sqft",Yes
8370937,EMAAR DEVELOPMENT P.J.S.C.,Freehold,"1,087 sqft",Other,102 sqft,"1,403,598 sqft",Yes
8146600,NA,Freehold,"1,858 sqft",Residential,99 sqft,"207,736 sqft",Yes
8454240,SCOPE INVESTMENT L L C - DUBAI BRANCH,Freehold,"1,868 sqft",Other,266 sqft,"940,502 sqft",Yes
8158061,NA,NA,NA,NA,NA,"153,653 sqft",NA
8201600,ZENICA PROPERTY DEVELOPMENT L.L.C,NA,NA,NA,NA,NA,NA
8202039,ZENICA PROPERTY DEVELOPMENT L.L.C,NA,NA,NA,NA,NA,NA
8202038,ZENICA PROPERTY DEVELOPMENT L.L.C,NA,NA,NA,NA,NA,NA
8279018,NA,Freehold,"1,350 sqft",Residential,74 sqft,"207,736 sqft",Yes
