id      ,Developer                                                             ,Ownership ,Built-up Area ,Usage       ,Balcony Size ,Total Building Area ,Parking Availability
8433264 ,NA                                                                    ,NA        ,NA            ,NA          ,NA           ,"940,502 sqft"      ,NA
8320244 ,EMAAR DEVELOPMENT P.J.S.C.                                            ,Freehold  ,"1,095 sqft"  ,Other       ,102 sqft     ,"1,403,598 sqft"    ,Yes
8110034 ,TRIDENT INTERNATIONAL HOLDING (FZCO)                                  ,Freehold  ,"4,774 sqft"  ,Residential ,"1,934 sqft" ,"469,357 sqft"      ,Yes
8373001 ,NA                                                                    ,Freehold  ,"1,371 sqft"  ,Residential ,158 sqft     ,"211,465 sqft"      ,Yes
8443128 ,HIRCON INTERNATIONAL L.L.C                                            ,Freehold  ,"2,980 sqft"  ,Residential ,365 sqft     ,"886,537 sqft"      ,Yes
8308351 ,NA                                                                    ,NA        ,NA            ,NA          ,NA           ,"925,527 sqft"      ,NA
8213579 ,WEST AVENUE LIMITED                                                   ,Freehold  ,"1,331 sqft"  ,Residential ,180 sqft     ,"267,598 sqft"      ,Yes
8468750 ,EMAAR DEVELOPMENT P.J.S.C.                                            ,Freehold  ,"2,307 sqft"  ,Other       ,223 sqft     ,"1,403,598 sqft"    ,Yes
8505143 ,NA                                                                    ,Freehold  ,"1,979 sqft"  ,Residential ,115 sqft     ,"133,898 sqft"      ,Yes
8508132 ,AL SAYYAH & SONS INVESTMENT (L.L.C.)                                  ,Freehold  ,910 sqft      ,Residential ,98 sqft      ,"846,914 sqft"      ,Yes
8090851 ,NA                                                                    ,Freehold  ,"1,797 sqft"  ,Residential ,176 sqft     ,"133,898 sqft"      ,Yes
8377156 ,NA                                                                    ,NA        ,NA            ,NA          ,NA           ,"1,379,605 sqft"    ,NA
8454831 ,TORCH SELECT LIMITED                                                  ,Freehold  ,"1,258 sqft"  ,Other       ,78 sqft      ,"852,218 sqft"      ,Yes
8205691 ,SCOPE INVESTMENT L L C - DUBAI BRANCH                                 ,Freehold  ,"1,529 sqft"  ,Other       ,192 sqft     ,"940,502 sqft"      ,Yes
8197533 ,ZENICA PROPERTY DEVELOPMENT L.L.C                                     ,NA        ,NA            ,NA          ,NA           ,"1,908,955 sqft"    ,NA
8463308 ,DAMAC GULF PROPERTIES (L.L.C)                                         ,Freehold  ,"1,512 sqft"  ,Residential ,172 sqft     ,"884,073 sqft"      ,Yes
8009124 ,DAMAC GULF PROPERTIES (L.L.C)                                         ,Freehold  ,848 sqft      ,Residential ,131 sqft     ,"884,073 sqft"      ,Yes
8501721 ,SELECT GLOBAL DEVELOPMENT L.L.C                                       ,Freehold  ,"1,812 sqft"  ,Residential ,216 sqft     ,"703,394 sqft"      ,Yes
8444495 ,SELECT GLOBAL DEVELOPMENT L.L.C                                       ,Freehold  ,591 sqft      ,Residential ,102 sqft     ,"264,403 sqft"      ,Yes
8476557 ,SELECT GLOBAL DEVELOPMENT L.L.C                                       ,Freehold  ,"1,204 sqft"  ,Residential ,153 sqft     ,"703,394 sqft"      ,Yes
6976321 ,NA                                                                    ,Freehold  ,"1,391 sqft"  ,Other       ,208 sqft     ,"257,766 sqft"      ,Yes
8352021 ,NA                                                                    ,Freehold  ,"1,944 sqft"  ,Other       ,127 sqft     ,"321,210 sqft"      ,Yes
8388395 ,T F G REAL ESTATE L.L.C                                               ,Freehold  ,541 sqft      ,Other       ,181 sqft     ,"217,036 sqft"      ,Yes
8465354 ,DREAM ESTATE LIMITED                                                  ,Freehold  ,"1,760 sqft"  ,Residential ,216 sqft     ,"689,176 sqft"      ,Yes
8427309 ,ZUMURUD REAL ESTATE - sole proprietorship L.L.C                       ,Freehold  ,866 sqft      ,Residential ,92 sqft      ,"279,413 sqft"      ,Yes
8473257 ,SHEFFIELD REAL ESTAT.L .L .C                                          ,Freehold  ,"1,329 sqft"  ,Residential ,244 sqft     ,"132,379 sqft"      ,Yes
8029846 ,L I V REAL ESTATE DEVELOPMENT L.L.C                                   ,NA        ,NA            ,NA          ,NA           ,NA                  ,NA
8290256 ,T F G REAL ESTATE L.L.C                                               ,NA        ,NA            ,NA          ,NA           ,"1,363,152 sqft"    ,NA
8473400 ,NA                                                                    ,Freehold  ,823 sqft      ,Residential ,65 sqft      ,"290,902 sqft"      ,Yes
7115187 ,NA                                                                    ,Freehold  ,"1,457 sqft"  ,Residential ,149 sqft     ,"983,257 sqft"      ,Yes
8014737 ,NA                                                                    ,Freehold  ,"2,619 sqft"  ,Residential ,350 sqft     ,"1,326,014 sqft"    ,Yes
8248295 ,DAMAC GULF PROPERTIES (L.L.C)                                         ,Freehold  ,951 sqft      ,Residential ,149 sqft     ,"884,073 sqft"      ,Yes
8221869 ,NA                                                                    ,Freehold  ,777 sqft      ,Residential ,48 sqft      ,"177,922 sqft"      ,Yes
7365443 ,AL SAYYAH & SONS INVESTMENT (L.L.C.)                                  ,Freehold  ,737 sqft      ,Residential ,68 sqft      ,"846,914 sqft"      ,Yes
8436813 ,EMAAR DEVELOPMENT P.J.S.C.                                            ,Freehold  ,"1,661 sqft"  ,Other       ,134 sqft     ,"1,403,598 sqft"    ,Yes
6134587 ,DAMAC PROPERTIES CO (L.L.C)                                           ,Freehold  ,"1,348 sqft"  ,Residential ,210 sqft     ,"810,161 sqft"      ,NA
7325333 ,EMAAR PROPERTIES (P.J.S.C)                                            ,Freehold  ,548 sqft      ,Residential ,59 sqft      ,"1,565,456 sqft"    ,NA
8227536 ,TIGER PROPERTIES                                                      ,Freehold  ,801 sqft      ,Residential ,115 sqft     ,"849,284 sqft"      ,Yes
8458676 ,DAMAC PROPERTIES CO (L.L.C)                                           ,Freehold  ,"1,537 sqft"  ,Residential ,146 sqft     ,"810,161 sqft"      ,Yes
8219045 ,NA                                                                    ,Freehold  ,"1,224 sqft"  ,Residential ,173 sqft     ,"170,941 sqft"      ,Yes
8158259 ,NA                                                                    ,NA        ,NA            ,NA          ,NA           ,"884,073 sqft"      ,NA
8462802 ,CAYAN REAL ESTATE INVESTMENT & DEVELOPMENT L.L.C                      ,Freehold  ,"1,372 sqft"  ,Residential ,38 sqft      ,"720,602 sqft"      ,Yes
8376239 ,SELECT GLOBAL DEVELOPMENT L.L.C                                       ,Freehold  ,714 sqft      ,Residential ,62 sqft      ,"264,403 sqft"      ,Yes
8214591 ,DAMAC GULF PROPERTIES (L.L.C)                                         ,Freehold  ,"1,406 sqft"  ,Residential ,66 sqft      ,"884,073 sqft"      ,Yes
8405774 ,NA                                                                    ,Freehold  ,891 sqft      ,Residential ,59 sqft      ,"275,870 sqft"      ,Yes
8438544 ,CAYAN REAL ESTATE INVESTMENT & DEVELOPMENT L.L.C                      ,Freehold  ,"1,255 sqft"  ,Residential ,35 sqft      ,"720,602 sqft"      ,Yes
8158081 ,CAYAN REAL ESTATE INVESTMENT & DEVELOPMENT L.L.C                      ,Freehold  ,"1,376 sqft"  ,Residential ,38 sqft      ,"720,602 sqft"      ,Yes
8432995 ,EMAAR DEVELOPMENT P.J.S.C.                                            ,Freehold  ,680 sqft      ,Residential ,85 sqft      ,"1,465,941 sqft"    ,Yes
8253176 ,MARINA ARCADE REAL ESTATE (L.L.C)                                     ,Freehold  ,"2,410 sqft"  ,Residential ,154 sqft     ,"858,187 sqft"      ,Yes
8253930 ,MARINA ARCADE REAL ESTATE (L.L.C)                                     ,Freehold  ,"2,466 sqft"  ,Residential ,171 sqft     ,"858,187 sqft"      ,Yes
8251403 ,MARINA ARCADE REAL ESTATE (L.L.C)                                     ,Freehold  ,"2,466 sqft"  ,Residential ,171 sqft     ,"858,187 sqft"      ,Yes
8281843 ,WEST AVENUE LIMITED                                                   ,Freehold  ,705 sqft      ,Residential ,104 sqft     ,"267,598 sqft"      ,Yes
8453941 ,EMAAR PROPERTIES (P.J.S.C)                                            ,Freehold  ,865 sqft      ,Residential ,59 sqft      ,"1,565,456 sqft"    ,NA
8129887 ,NA                                                                    ,Freehold  ,"1,586 sqft"  ,Residential ,105 sqft     ,"330,421 sqft"      ,Yes
7726031 ,NA                                                                    ,Freehold  ,"1,804 sqft"  ,Residential ,301 sqft     ,"305,965 sqft"      ,Yes
8395553 ,TAMEER HOLDING INVESTMENT   (LLC)                                     ,Freehold  ,960 sqft      ,Residential ,42 sqft      ,"925,527 sqft"      ,Yes
8388838 ,NA                                                                    ,Freehold  ,722 sqft      ,Residential ,141 sqft     ,"257,766 sqft"      ,Yes
7829719 ,DEYAAR DEVELOPMENT (P.J.S.C)                                          ,Freehold  ,"3,554 sqft"  ,Other       ,280 sqft     ,"568,337 sqft"      ,Yes
8378957 ,SCOPE INVESTMENT L L C - DUBAI BRANCH                                 ,Freehold  ,"1,452 sqft"  ,Other       ,264 sqft     ,"940,502 sqft"      ,Yes
5635820 ,NA                                                                    ,Freehold  ,"3,888 sqft"  ,Residential ,562 sqft     ,"1,326,014 sqft"    ,Yes
7454384 ,DHEERAJ & EAST COAST (L.L.C)                                          ,Freehold  ,"1,287 sqft"  ,Residential ,110 sqft     ,"223,642 sqft"      ,Yes
8045618 ,EMAAR PROPERTIES (P.J.S.C)                                            ,Freehold  ,826 sqft      ,Residential ,47 sqft      ,"204,945 sqft"      ,Yes
8280253 ,NA                                                                    ,Freehold  ,980 sqft      ,Other       ,141 sqft     ,"297,040 sqft"      ,Yes
8436696 ,EMAAR DEVELOPMENT P.J.S.C.                                            ,Freehold  ,"1,094 sqft"  ,Other       ,102 sqft     ,"1,403,598 sqft"    ,Yes
8223739 ,GLOBAL GROUP INTERNATIONAL LIMITED                                    ,Freehold  ,813 sqft      ,Residential ,82 sqft      ,"345,350 sqft"      ,Yes
8439017 ,SELECT GLOBAL DEVELOPMENT L.L.C                                       ,Freehold  ,"1,097 sqft"  ,Residential ,119 sqft     ,"255,330 sqft"      ,Yes
8160684 ,NA                                                                    ,NA        ,NA            ,NA          ,NA           ,"1,326,014 sqft"    ,NA
8427885 ,GLOBAL GROUP INTERNATIONAL LIMITED                                    ,Freehold  ,808 sqft      ,Residential ,81 sqft      ,"345,350 sqft"      ,Yes
8147924 ,NA                                                                    ,Freehold  ,404 sqft      ,Residential ,48 sqft      ,"247,478 sqft"      ,Yes
8410997 ,DAMAC GULF PROPERTIES (L.L.C)                                         ,Freehold  ,"1,328 sqft"  ,Residential ,29 sqft      ,"884,073 sqft"      ,Yes
8268007 ,SELECT GLOBAL DEVELOPMENT L.L.C                                       ,Freehold  ,"1,424 sqft"  ,Residential ,92 sqft      ,"1,403,677 sqft"    ,Yes
8430398 ,TIGER PROPERTIES                                                      ,Freehold  ,761 sqft      ,Residential ,90 sqft      ,"849,284 sqft"      ,Yes
8425603 ,DAMAC GULF PROPERTIES (L.L.C)                                         ,Freehold  ,825 sqft      ,Residential ,159 sqft     ,"884,073 sqft"      ,Yes
8043769 ,NA                                                                    ,Freehold  ,573 sqft      ,Residential ,68 sqft      ,"257,766 sqft"      ,Yes
8425498 ,TAMEER HOLDING INVESTMENT   (LLC)                                     ,Freehold  ,"2,008 sqft"  ,Residential ,167 sqft     ,"1,097,409 sqft"    ,Yes
7945989 ,TEBYAN REAL ESTATE DEVELOPMENT ENTERPRISES (LLC)                      ,Freehold  ,407 sqft      ,Residential ,51 sqft      ,"107,473 sqft"      ,Yes
6344109 ,BAY CENTRAL DEVELOPMENTS LIMITED                                      ,Freehold  ,"1,538 sqft"  ,Residential ,137 sqft     ,"277,517 sqft"      ,Yes
8407269 ,TEBYAN REAL ESTATE DEVELOPMENT ENTERPRISES (LLC)                      ,Freehold  ,406 sqft      ,Residential ,73 sqft      ,"42,166 sqft"       ,Yes
8428820 ,DAMAC PROPERTIES CO (L.L.C)                                           ,Freehold  ,878 sqft      ,Residential ,131 sqft     ,"810,161 sqft"      ,Yes
7881066 ,CAYAN REAL ESTATE INVESTMENT & DEVELOPMENT L.L.C                      ,Freehold  ,"1,255 sqft"  ,Residential ,35 sqft      ,"720,602 sqft"      ,Yes
8328529 ,NA                                                                    ,Freehold  ,"1,303 sqft"  ,Residential ,57 sqft      ,"283,672 sqft"      ,Yes
8415767 ,T F G REAL ESTATE L.L.C                                               ,Freehold  ,448 sqft      ,Other       ,NA           ,"1,363,152 sqft"    ,NA
8427555 ,NA                                                                    ,Freehold  ,"1,576 sqft"  ,Residential ,69 sqft      ,"326,421 sqft"      ,Yes
5707965 ,NA                                                                    ,NA        ,NA            ,NA          ,NA           ,"345,350 sqft"      ,NA
8388951 ,EMAAR DEVELOPMENT P.J.S.C.                                            ,Freehold  ,993 sqft      ,Other       ,155 sqft     ,"1,403,598 sqft"    ,Yes
6126627 ,GKT HOLDINGS LIMITED                                                  ,Freehold  ,910 sqft      ,Residential ,125 sqft     ,"294,679 sqft"      ,Yes
8186008 ,DAMAC PROPERTIES CO (L.L.C)                                           ,Freehold  ,"1,192 sqft"  ,Residential ,218 sqft     ,"810,161 sqft"      ,Yes
8320267 ,SCOPE INVESTMENT L L C - DUBAI BRANCH                                 ,Freehold  ,"1,063 sqft"  ,Other       ,139 sqft     ,"940,502 sqft"      ,Yes
8320268 ,SCOPE INVESTMENT L L C - DUBAI BRANCH                                 ,Freehold  ,"1,536 sqft"  ,Other       ,168 sqft     ,"940,502 sqft"      ,Yes
8320248 ,SCOPE INVESTMENT L L C - DUBAI BRANCH                                 ,Freehold  ,"1,758 sqft"  ,Other       ,147 sqft     ,"940,502 sqft"      ,Yes
8320266 ,SCOPE INVESTMENT L L C - DUBAI BRANCH                                 ,Freehold  ,966 sqft      ,Other       ,94 sqft      ,"940,502 sqft"      ,Yes
8396182 ,TORCH SELECT LIMITED                                                  ,Freehold  ,808 sqft      ,Residential ,114 sqft     ,"852,218 sqft"      ,Yes
8348723 ,CAYAN REAL ESTATE INVESTMENT & DEVELOPMENT L.L.C                      ,Freehold  ,"1,788 sqft"  ,Residential ,157 sqft     ,"342,968 sqft"      ,Yes
8420635 ,EMAAR DEVELOPMENT P.J.S.C.                                            ,Freehold  ,"1,095 sqft"  ,Other       ,102 sqft     ,"1,403,598 sqft"    ,Yes
8331310 ,ZENICA PROPERTY DEVELOPMENT L.L.C                                     ,Freehold  ,"2,696 sqft"  ,Other       ,738 sqft     ,"1,908,955 sqft"    ,Yes
6113545 ,SELECT GLOBAL DEVELOPMENT L.L.C                                       ,Freehold  ,"1,136 sqft"  ,Residential ,NA           ,"255,330 sqft"      ,Yes
5333448 ,NA                                                                    ,Freehold  ,"1,371 sqft"  ,Residential ,158 sqft     ,"211,465 sqft"      ,Yes
8404224 ,SELECT GLOBAL DEVELOPMENT L.L.C                                       ,Freehold  ,592 sqft      ,Residential ,98 sqft      ,"264,403 sqft"      ,Yes
8381901 ,L I V REAL ESTATE DEVELOPMENT L.L.C                                   ,Freehold  ,"1,393 sqft"  ,Residential ,114 sqft     ,"427,447 sqft"      ,Yes
8382043 ,L I V REAL ESTATE DEVELOPMENT L.L.C                                   ,Freehold  ,521 sqft      ,Residential ,51 sqft      ,"427,447 sqft"      ,NA
7866957 ,TIGER PROPERTIES                                                      ,Freehold  ,761 sqft      ,Residential ,90 sqft      ,"849,284 sqft"      ,Yes
8415368 ,EMAAR PROPERTIES (P.J.S.C)                                            ,Freehold  ,"1,426 sqft"  ,Residential ,47 sqft      ,"204,945 sqft"      ,Yes
8407671 ,TIGER PROPERTIES                                                      ,Freehold  ,761 sqft      ,Residential ,90 sqft      ,"849,284 sqft"      ,Yes
8380210 ,NA                                                                    ,Freehold  ,"1,491 sqft"  ,Residential ,193 sqft     ,"216,192 sqft"      ,Yes
8072294 ,NA                                                                    ,Freehold  ,"2,487 sqft"  ,Residential ,517 sqft     ,"120,642 sqft"      ,Yes
8160897 ,NA                                                                    ,Freehold  ,779 sqft      ,Residential ,185 sqft     ,"500,579 sqft"      ,Yes
8395693 ,NA                                                                    ,Freehold  ,700 sqft      ,Residential ,129 sqft     ,"257,766 sqft"      ,Yes
8376051 ,EMAAR PROPERTIES (P.J.S.C)                                            ,Freehold  ,922 sqft      ,Residential ,80 sqft      ,"370,407 sqft"      ,Yes
7558971 ,NA                                                                    ,Freehold  ,749 sqft      ,Residential ,51 sqft      ,"247,478 sqft"      ,Yes
8251357 ,NA                                                                    ,Freehold  ,789 sqft      ,Residential ,201 sqft     ,"500,579 sqft"      ,Yes
8384177 ,NA                                                                    ,Freehold  ,958 sqft      ,Residential ,87 sqft      ,"71,217 sqft"       ,Yes
8320265 ,SCOPE INVESTMENT L L C - DUBAI BRANCH                                 ,Freehold  ,"1,064 sqft"  ,Residential ,140 sqft     ,"940,502 sqft"      ,Yes
8088967 ,THARWAA ESCAN INVESTMENTS (L.L.C)                                     ,Freehold  ,703 sqft      ,Residential ,109 sqft     ,"278,342 sqft"      ,Yes
8392950 ,EMAAR DEVELOPMENT P.J.S.C.                                            ,Freehold  ,"1,232 sqft"  ,Other       ,155 sqft     ,"1,403,598 sqft"    ,Yes
8160665 ,NA                                                                    ,NA        ,NA            ,NA          ,NA           ,"530,884 sqft"      ,NA
8229586 ,SELECT GLOBAL DEVELOPMENT L.L.C                                       ,Freehold  ,714 sqft      ,Residential ,62 sqft      ,"264,403 sqft"      ,Yes
8278673 ,NA                                                                    ,Freehold  ,"1,536 sqft"  ,Residential ,235 sqft     ,"261,612 sqft"      ,Yes
8361588 ,AL SAYYAH & SONS INVESTMENT (L.L.C.)                                  ,Freehold  ,"1,390 sqft"  ,Residential ,156 sqft     ,"846,914 sqft"      ,Yes
7559113 ,CAYAN REAL ESTATE INVESTMENT & DEVELOPMENT L.L.C                      ,Freehold  ,"1,255 sqft"  ,Residential ,35 sqft      ,"720,602 sqft"      ,Yes
8377107 ,EMAAR DEVELOPMENT P.J.S.C.                                            ,Freehold  ,983 sqft      ,Other       ,155 sqft     ,"1,403,598 sqft"    ,Yes
8296510 ,NA                                                                    ,Freehold  ,"1,350 sqft"  ,Residential ,74 sqft      ,"207,736 sqft"      ,Yes
8305653 ,GLOBAL GROUP HOLDINGS LIMITED                                         ,Freehold  ,"1,339 sqft"  ,Residential ,258 sqft     ,"370,459 sqft"      ,Yes
7870784 ,ZENICA PROPERTY DEVELOPMENT L.L.C                                     ,NA        ,NA            ,NA          ,NA           ,"1,908,955 sqft"    ,NA
8344342 ,TEBYAN REAL ESTATE DEVELOPMENT ENTERPRISES (LLC)                      ,Freehold  ,862 sqft      ,Residential ,159 sqft     ,"268,322 sqft"      ,Yes
8346772 ,TEBYAN REAL ESTATE DEVELOPMENT ENTERPRISES (LLC)                      ,Freehold  ,413 sqft      ,Residential ,55 sqft      ,"107,473 sqft"      ,Yes
8344506 ,TEBYAN REAL ESTATE DEVELOPMENT ENTERPRISES (LLC)                      ,Freehold  ,417 sqft      ,Residential ,51 sqft      ,"107,473 sqft"      ,Yes
8086329 ,DAMAC PROPERTIES CO (L.L.C)                                           ,Freehold  ,878 sqft      ,Residential ,131 sqft     ,"810,161 sqft"      ,Yes
8203163 ,THARWAA ESCAN INVESTMENTS (L.L.C)                                     ,Freehold  ,"1,169 sqft"  ,Residential ,223 sqft     ,"278,342 sqft"      ,Yes
8102975 ,DAMAC GULF PROPERTIES (L.L.C)                                         ,Freehold  ,"1,881 sqft"  ,Residential ,NA           ,"884,073 sqft"      ,Yes
8338094 ,TAMEER HOLDING INVESTMENT   (LLC)                                     ,Freehold  ,"2,014 sqft"  ,Residential ,154 sqft     ,"1,097,409 sqft"    ,Yes
8339448 ,EMAAR PROPERTIES (P.J.S.C)                                            ,NA        ,NA            ,NA          ,NA           ,"1,133,555 sqft"    ,NA
7979595 ,NA                                                                    ,Freehold  ,"1,546 sqft"  ,Residential ,235 sqft     ,"261,612 sqft"      ,Yes
8251862 ,MARINA ARCADE REAL ESTATE (L.L.C)                                     ,Freehold  ,"1,653 sqft"  ,Residential ,128 sqft     ,"858,187 sqft"      ,Yes
7850580 ,T F G REAL ESTATE L.L.C                                               ,NA        ,NA            ,NA          ,NA           ,"1,363,152 sqft"    ,NA
8316451 ,GLOBAL GROUP HOLDINGS LIMITED                                         ,Freehold  ,"1,310 sqft"  ,Other       ,258 sqft     ,"370,459 sqft"      ,Yes
7690899 ,CAYAN REAL ESTATE INVESTMENT & DEVELOPMENT L.L.C                      ,Freehold  ,"1,376 sqft"  ,Residential ,38 sqft      ,"720,602 sqft"      ,Yes
8166319 ,SELECT GLOBAL DEVELOPMENT L.L.C                                       ,Freehold  ,"1,516 sqft"  ,Residential ,223 sqft     ,"1,403,677 sqft"    ,Yes
8320172 ,EMAAR PROPERTIES (P.J.S.C)                                            ,NA        ,NA            ,NA          ,NA           ,"1,133,555 sqft"    ,NA
8288264 ,ZUMURUD REAL ESTATE - sole proprietorship L.L.C                       ,Freehold  ,931 sqft      ,Residential ,116 sqft     ,"279,413 sqft"      ,Yes
7940256 ,ZENICA PROPERTY DEVELOPMENT L.L.C                                     ,NA        ,NA            ,NA          ,NA           ,"1,908,955 sqft"    ,NA
8105788 ,NA                                                                    ,Freehold  ,"1,345 sqft"  ,Residential ,38 sqft      ,"269,282 sqft"      ,Yes
8498357 ,NA                                                                    ,Freehold  ,953 sqft      ,Residential ,60 sqft      ,"138,520 sqft"      ,Yes
8508256 ,NA                                                                    ,Freehold  ,754 sqft      ,Residential ,63 sqft      ,"177,922 sqft"      ,Yes
8509465 ,NA                                                                    ,Freehold  ,"1,064 sqft"  ,Residential ,162 sqft     ,"261,612 sqft"      ,Yes
8498876 ,TAMEER HOLDING INVESTMENT   (LLC)                                     ,Freehold  ,"1,999 sqft"  ,Residential ,168 sqft     ,"1,097,409 sqft"    ,Yes
8497546 ,EMAAR DEVELOPMENT P.J.S.C.                                            ,Freehold  ,"1,095 sqft"  ,Other       ,102 sqft     ,"1,403,598 sqft"    ,Yes
8474781 ,EMAAR DEVELOPMENT P.J.S.C.                                            ,Freehold  ,"1,234 sqft"  ,Other       ,155 sqft     ,"1,403,598 sqft"    ,Yes
8495308 ,NA                                                                    ,Freehold  ,681 sqft      ,Residential ,52 sqft      ,"179,373 sqft"      ,Yes
8475015 ,NA                                                                    ,Freehold  ,"1,160 sqft"  ,Residential ,44 sqft      ,"73,580 sqft"       ,Yes
8462600 ,MARINA ARCADE REAL ESTATE (L.L.C)                                     ,Freehold  ,"1,200 sqft"  ,Residential ,114 sqft     ,"858,187 sqft"      ,Yes
8466880 ,NA                                                                    ,Freehold  ,983 sqft      ,Residential ,65 sqft      ,"124,220 sqft"      ,Yes
8463147 ,NA                                                                    ,Freehold  ,"1,588 sqft"  ,Residential ,206 sqft     ,"330,196 sqft"      ,Yes
8464054 ,NA                                                                    ,Freehold  ,"4,371 sqft"  ,Residential ,746 sqft     ,"411,917 sqft"      ,Yes
8403460 ,EMAAR PROPERTIES (P.J.S.C)                                            ,Freehold  ,540 sqft      ,Residential ,59 sqft      ,"1,565,456 sqft"    ,Yes
8421473 ,NA                                                                    ,Freehold  ,"2,124 sqft"  ,Residential ,239 sqft     ,"159,627 sqft"      ,Yes
8428787 ,BAY CENTRAL DEVELOPMENTS LIMITED                                      ,Freehold  ,835 sqft      ,Residential ,245 sqft     ,"277,517 sqft"      ,Yes
8407213 ,EMAAR PROPERTIES (P.J.S.C)                                            ,Freehold  ,540 sqft      ,Residential ,59 sqft      ,"1,565,456 sqft"    ,Yes
8393643 ,NA                                                                    ,Freehold  ,385 sqft      ,Residential ,NA           ,"124,220 sqft"      ,Yes
8394665 ,NA                                                                    ,Freehold  ,"3,881 sqft"  ,Residential ,562 sqft     ,"1,326,014 sqft"    ,Yes
8400231 ,SCOPE INVESTMENT L L C - DUBAI BRANCH                                 ,Freehold  ,"1,383 sqft"  ,Residential ,194 sqft     ,"940,502 sqft"      ,Yes
8393053 ,NA                                                                    ,Freehold  ,"1,982 sqft"  ,Other       ,274 sqft     ,"216,005 sqft"      ,Yes
8433157 ,SELECT GLOBAL DEVELOPMENT L.L.C                                       ,Freehold  ,661 sqft      ,Residential ,36 sqft      ,"255,330 sqft"      ,Yes
8361014 ,AL SAYYAH & SONS INVESTMENT (L.L.C.)                                  ,Freehold  ,"1,391 sqft"  ,Residential ,156 sqft     ,"846,914 sqft"      ,Yes
8382216 ,HIRCON INTERNATIONAL L.L.C                                            ,Freehold  ,"2,146 sqft"  ,Residential ,154 sqft     ,"886,537 sqft"      ,Yes
8344509 ,MARINA ARCADE REAL ESTATE (L.L.C)                                     ,Freehold  ,"2,001 sqft"  ,Residential ,NA           ,"858,187 sqft"      ,Yes
8348095 ,EMAAR DEVELOPMENT P.J.S.C.                                            ,Freehold  ,983 sqft      ,Other       ,155 sqft     ,"1,403,598 sqft"    ,Yes
8461603 ,EMAAR DEVELOPMENT P.J.S.C.                                            ,Freehold  ,696 sqft      ,Residential ,78 sqft      ,"1,465,941 sqft"    ,Yes
8335231 ,DREAM ESTATE LIMITED                                                  ,Freehold  ,875 sqft      ,Residential ,NA           ,"689,176 sqft"      ,Yes
8433508 ,TORCH SELECT LIMITED                                                  ,Freehold  ,"1,258 sqft"  ,Residential ,78 sqft      ,"852,218 sqft"      ,Yes
8338339 ,NA                                                                    ,Freehold  ,"1,546 sqft"  ,Residential ,235 sqft     ,"261,612 sqft"      ,Yes
8325449 ,NA                                                                    ,Freehold  ,"1,405 sqft"  ,Residential ,65 sqft      ,"138,520 sqft"      ,Yes
8309213 ,TRIDENT INTERNATIONAL HOLDING (FZCO)                                  ,Freehold  ,"1,773 sqft"  ,Residential ,165 sqft     ,"530,884 sqft"      ,Yes
8316275 ,NA                                                                    ,Freehold  ,"1,033 sqft"  ,Residential ,114 sqft     ,"153,653 sqft"      ,Yes
8324794 ,HALCON REAL ESTATE DEVELOPMEMNT (L.L.C)                               ,Freehold  ,"1,606 sqft"  ,Residential ,339 sqft     ,"231,557 sqft"      ,Yes
8283156 ,T F G REAL ESTATE L.L.C                                               ,Freehold  ,443 sqft      ,Commercial  ,NA           ,"241,220 sqft"      ,Yes
8277079 ,T F G REAL ESTATE L.L.C                                               ,Freehold  ,423 sqft      ,Other       ,71 sqft      ,"217,036 sqft"      ,Yes
8281693 ,NA                                                                    ,Freehold  ,"1,071 sqft"  ,Residential ,223 sqft     ,"81,708 sqft"       ,Yes
8250569 ,AL SAYYAH & SONS INVESTMENT (L.L.C.)                                  ,Freehold  ,917 sqft      ,Residential ,94 sqft      ,"846,914 sqft"      ,Yes
8405772 ,NA                                                                    ,Freehold  ,481 sqft      ,Residential ,78 sqft      ,"29,540 sqft"       ,Yes
8306764 ,EMAAR DEVELOPMENT P.J.S.C.                                            ,Freehold  ,"1,232 sqft"  ,Other       ,155 sqft     ,"1,403,598 sqft"    ,Yes
8264433 ,SELECT GLOBAL DEVELOPMENT L.L.C                                       ,Freehold  ,"1,427 sqft"  ,Residential ,92 sqft      ,"1,403,677 sqft"    ,Yes
8376240 ,SELECT GLOBAL DEVELOPMENT L.L.C                                       ,Freehold  ,718 sqft      ,Residential ,70 sqft      ,"264,403 sqft"      ,Yes
8259787 ,TORCH SELECT LIMITED                                                  ,Freehold  ,"1,258 sqft"  ,Residential ,78 sqft      ,"852,218 sqft"      ,Yes
8264917 ,TAMEER HOLDING INVESTMENT   (LLC)                                     ,Freehold  ,"1,183 sqft"  ,Residential ,114 sqft     ,"1,097,409 sqft"    ,Yes
8215223 ,EMAAR PROPERTIES (P.J.S.C)                                            ,Freehold  ,880 sqft      ,Residential ,59 sqft      ,"1,565,456 sqft"    ,NA
8263028 ,EMAAR PROPERTIES (P.J.S.C)                                            ,Freehold  ,"1,170 sqft"  ,Residential ,47 sqft      ,"204,945 sqft"      ,Yes
8238629 ,EMAAR DEVELOPMENT P.J.S.C.                                            ,Freehold  ,"1,664 sqft"  ,Other       ,134 sqft     ,"1,403,598 sqft"    ,Yes
8315067 ,EMAAR DEVELOPMENT P.J.S.C.                                            ,Freehold  ,"1,240 sqft"  ,Other       ,155 sqft     ,"1,403,598 sqft"    ,Yes
8195562 ,NA                                                                    ,Freehold  ,"1,401 sqft"  ,Residential ,118 sqft     ,"70,040 sqft"       ,Yes
8206986 ,NA                                                                    ,Freehold  ,"5,757 sqft"  ,Residential ,"1,568 sqft" ,"247,478 sqft"      ,Yes
8206536 ,TAMEER HOLDING INVESTMENT   (LLC)                                     ,Freehold  ,"3,179 sqft"  ,Residential ,292 sqft     ,"1,097,409 sqft"    ,Yes
8181822 ,TAMEER HOLDING INVESTMENT   (LLC)                                     ,Freehold  ,"1,299 sqft"  ,Residential ,52 sqft      ,"1,097,409 sqft"    ,Yes
8158104 ,NA                                                                    ,NA        ,NA            ,NA          ,NA           ,"810,161 sqft"      ,NA
8200958 ,NA                                                                    ,Freehold  ,"1,830 sqft"  ,Residential ,284 sqft     ,"305,965 sqft"      ,Yes
8235960 ,NA                                                                    ,Freehold  ,971 sqft      ,Residential ,48 sqft      ,"283,672 sqft"      ,Yes
8259650 ,EMAAR DEVELOPMENT P.J.S.C.                                            ,Freehold  ,"1,789 sqft"  ,Other       ,179 sqft     ,"1,465,941 sqft"    ,Yes
8129575 ,NA                                                                    ,Freehold  ,738 sqft      ,Residential ,65 sqft      ,"13,392 sqft"       ,Yes
8162635 ,THARWAA ESCAN INVESTMENTS (L.L.C)                                     ,Freehold  ,836 sqft      ,Residential ,138 sqft     ,"278,342 sqft"      ,Yes
8140381 ,NA                                                                    ,Freehold  ,"4,058 sqft"  ,Residential ,"1,141 sqft" ,"706,961 sqft"      ,Yes
8104347 ,NA                                                                    ,Freehold  ,823 sqft      ,Residential ,65 sqft      ,"290,902 sqft"      ,Yes
8118650 ,NA                                                                    ,Freehold  ,"2,098 sqft"  ,Residential ,102 sqft     ,"275,870 sqft"      ,Yes
8096062 ,SELECT GLOBAL DEVELOPMENT L.L.C                                       ,Freehold  ,691 sqft      ,Residential ,48 sqft      ,"610,210 sqft"      ,Yes
8037920 ,HIRCON INTERNATIONAL L.L.C                                            ,Freehold  ,"2,146 sqft"  ,Residential ,154 sqft     ,"886,537 sqft"      ,Yes
8036209 ,DREAM ESTATE LIMITED                                                  ,Freehold  ,864 sqft      ,Residential ,NA           ,"689,176 sqft"      ,Yes
8493288 ,L I V REAL ESTATE DEVELOPMENT L.L.C                                   ,Freehold  ,"1,767 sqft"  ,Residential ,235 sqft     ,"427,447 sqft"      ,Yes
7997869 ,TAMEER HOLDING INVESTMENT   (LLC)                                     ,Freehold  ,"1,183 sqft"  ,Residential ,114 sqft     ,"1,097,409 sqft"    ,Yes
8075966 ,EMAAR DEVELOPMENT P.J.S.C.                                            ,Freehold  ,"1,152 sqft"  ,Other       ,123 sqft     ,"1,403,598 sqft"    ,Yes
8045281 ,TIGER PROPERTIES                                                      ,Freehold  ,845 sqft      ,Residential ,115 sqft     ,"849,284 sqft"      ,Yes
8040172 ,TAMEER HOLDING INVESTMENT   (LLC)                                     ,Freehold  ,960 sqft      ,Residential ,42 sqft      ,"925,527 sqft"      ,Yes
8204838 ,T F G REAL ESTATE L.L.C                                               ,Freehold  ,442 sqft      ,Commercial  ,NA           ,"241,220 sqft"      ,Yes
7946606 ,MARINA ARCADE REAL ESTATE (L.L.C)                                     ,Freehold  ,"1,207 sqft"  ,Residential ,NA           ,"858,187 sqft"      ,Yes
7973377 ,SELECT GLOBAL DEVELOPMENT L.L.C                                       ,Freehold  ,357 sqft      ,Residential ,62 sqft      ,"264,403 sqft"      ,Yes
7952760 ,CAYAN REAL ESTATE INVESTMENT & DEVELOPMENT L.L.C                      ,Freehold  ,"1,552 sqft"  ,Residential ,NA           ,"720,602 sqft"      ,Yes
7923014 ,NA                                                                    ,Freehold  ,429 sqft      ,Residential ,NA           ,"138,330 sqft"      ,Yes
7970880 ,NA                                                                    ,Freehold  ,919 sqft      ,Residential ,59 sqft      ,"147,836 sqft"      ,Yes
7935961 ,EMAAR PROPERTIES (P.J.S.C)                                            ,Freehold  ,540 sqft      ,Residential ,59 sqft      ,"1,565,456 sqft"    ,NA
8315445 ,EMAAR DEVELOPMENT P.J.S.C.                                            ,Freehold  ,"1,236 sqft"  ,Other       ,155 sqft     ,"1,403,598 sqft"    ,Yes
7961484 ,GLOBAL GROUP INTERNATIONAL LIMITED                                    ,Freehold  ,833 sqft      ,Residential ,96 sqft      ,"345,350 sqft"      ,Yes
8014693 ,EMAAR DEVELOPMENT P.J.S.C.                                            ,Freehold  ,"1,145 sqft"  ,Other       ,123 sqft     ,"1,403,598 sqft"    ,Yes
8403454 ,GKT HOLDINGS LIMITED                                                  ,Freehold  ,"1,326 sqft"  ,Residential ,308 sqft     ,"294,679 sqft"      ,Yes
8468886 ,NA                                                                    ,Freehold  ,"1,715 sqft"  ,Residential ,123 sqft     ,"498,918 sqft"      ,Yes
7909943 ,NA                                                                    ,Freehold  ,"1,546 sqft"  ,Residential ,235 sqft     ,"261,612 sqft"      ,Yes
7880454 ,DEYAAR DEVELOPMENT (P.J.S.C)                                          ,Freehold  ,"3,554 sqft"  ,Residential ,280 sqft     ,"568,337 sqft"      ,Yes
8465082 ,NA                                                                    ,Freehold  ,"2,613 sqft"  ,Residential ,440 sqft     ,"168,414 sqft"      ,Yes
8316483 ,NA                                                                    ,Freehold  ,"2,451 sqft"  ,Residential ,179 sqft     ,"411,917 sqft"      ,Yes
7850513 ,DREAM ESTATE LIMITED                                                  ,Freehold  ,"1,723 sqft"  ,Residential ,216 sqft     ,"689,176 sqft"      ,Yes
8422863 ,EMAAR PROPERTIES (P.J.S.C)                                            ,Freehold  ,"1,302 sqft"  ,Residential ,58 sqft      ,"433,754 sqft"      ,Yes
7790021 ,TAMEER HOLDING INVESTMENT   (LLC)                                     ,Freehold  ,960 sqft      ,Residential ,42 sqft      ,"925,527 sqft"      ,Yes
7812040 ,TAMEER HOLDING INVESTMENT   (LLC)                                     ,Freehold  ,"2,014 sqft"  ,Residential ,154 sqft     ,"1,097,409 sqft"    ,Yes
8093526 ,EMAAR DEVELOPMENT P.J.S.C.                                            ,Freehold  ,"1,655 sqft"  ,Other       ,134 sqft     ,"1,403,598 sqft"    ,Yes
8446665 ,TAMEER HOLDING INVESTMENT   (LLC)                                     ,Freehold  ,"1,331 sqft"  ,Residential ,37 sqft      ,"925,527 sqft"      ,Yes
8406212 ,NA                                                                    ,Freehold  ,945 sqft      ,Residential ,54 sqft      ,"283,672 sqft"      ,Yes
8173757 ,EMAAR PROPERTIES (P.J.S.C)                                            ,Freehold  ,"1,113 sqft"  ,Residential ,143 sqft     ,"293,542 sqft"      ,Yes
8493291 ,TAMEER HOLDING INVESTMENT   (LLC)                                     ,Freehold  ,"1,189 sqft"  ,Residential ,114 sqft     ,"1,097,409 sqft"    ,Yes
8320345 ,TAMEER HOLDING INVESTMENT   (LLC)                                     ,Freehold  ,737 sqft      ,Residential ,38 sqft      ,"925,527 sqft"      ,Yes
8431500 ,NA                                                                    ,Freehold  ,757 sqft      ,Residential ,129 sqft     ,"257,766 sqft"      ,Yes
7733118 ,NA                                                                    ,Freehold  ,947 sqft      ,Residential ,46 sqft      ,"147,836 sqft"      ,Yes
8404297 ,EMAAR DEVELOPMENT P.J.S.C.                                            ,Freehold  ,"1,145 sqft"  ,Other       ,123 sqft     ,"1,403,598 sqft"    ,Yes
8403461 ,GKT HOLDINGS LIMITED                                                  ,Freehold  ,"1,326 sqft"  ,Residential ,308 sqft     ,"294,679 sqft"      ,Yes
7493385 ,SELECT GLOBAL DEVELOPMENT L.L.C                                       ,Freehold  ,"1,516 sqft"  ,Residential ,223 sqft     ,"1,403,677 sqft"    ,Yes
8465737 ,NA                                                                    ,Freehold  ,"1,452 sqft"  ,Residential ,553 sqft     ,"81,313 sqft"       ,Yes
8370937 ,EMAAR DEVELOPMENT P.J.S.C.                                            ,Freehold  ,"1,087 sqft"  ,Other       ,102 sqft     ,"1,403,598 sqft"    ,Yes
7366646 ,NA                                                                    ,Freehold  ,"1,491 sqft"  ,Residential ,193 sqft     ,"290,902 sqft"      ,Yes
8502909 ,TEBYAN REAL ESTATE DEVELOPMENT ENTERPRISES (LLC)                      ,Freehold  ,576 sqft      ,Residential ,NA           ,"42,166 sqft"       ,Yes
6909547 ,TAMEER HOLDING INVESTMENT   (LLC)                                     ,Freehold  ,"1,329 sqft"  ,Residential ,37 sqft      ,"925,527 sqft"      ,Yes
8234864 ,SELECT GLOBAL DEVELOPMENT L.L.C                                       ,Freehold  ,"1,204 sqft"  ,Residential ,153 sqft     ,"703,394 sqft"      ,Yes
8320346 ,TAMEER HOLDING INVESTMENT   (LLC)                                     ,Freehold  ,737 sqft      ,Residential ,38 sqft      ,"925,527 sqft"      ,Yes
8183117 ,NA                                                                    ,Freehold  ,"2,205 sqft"  ,Residential ,175 sqft     ,"330,196 sqft"      ,Yes
6709761 ,THARWAA ESCAN INVESTMENTS (L.L.C)                                     ,Freehold  ,"1,188 sqft"  ,Residential ,209 sqft     ,"278,342 sqft"      ,Yes
8087260 ,TAMEER HOLDING INVESTMENT   (LLC)                                     ,Freehold  ,"1,183 sqft"  ,Residential ,114 sqft     ,"1,097,409 sqft"    ,Yes
6533180 ,TRIDENT INTERNATIONAL HOLDING (FZCO)                                  ,Freehold  ,"1,771 sqft"  ,Residential ,187 sqft     ,"530,884 sqft"      ,Yes
8251505 ,EMAAR DEVELOPMENT P.J.S.C.                                            ,Freehold  ,685 sqft      ,Other       ,46 sqft      ,"1,403,598 sqft"    ,Yes
6794292 ,NA                                                                    ,Freehold  ,"2,634 sqft"  ,Residential ,489 sqft     ,"339,189 sqft"      ,Yes
6087558 ,SCOPE INVESTMENT L L C - DUBAI BRANCH                                 ,Freehold  ,"1,383 sqft"  ,Other       ,194 sqft     ,"940,502 sqft"      ,Yes
8136996 ,GKT HOLDINGS LIMITED                                                  ,Freehold  ,"1,326 sqft"  ,Residential ,308 sqft     ,"294,679 sqft"      ,Yes
7917968 ,MARINA ARCADE REAL ESTATE (L.L.C)                                     ,Freehold  ,"2,466 sqft"  ,Residential ,171 sqft     ,"858,187 sqft"      ,Yes
5801750 ,NA                                                                    ,Freehold  ,"2,282 sqft"  ,Residential ,615 sqft     ,"579,717 sqft"      ,Yes
7487947 ,GKT HOLDINGS LIMITED                                                  ,Freehold  ,910 sqft      ,Residential ,125 sqft     ,"294,679 sqft"      ,Yes
7404696 ,DREAM ESTATE LIMITED                                                  ,Freehold  ,"1,798 sqft"  ,Residential ,216 sqft     ,"689,176 sqft"      ,Yes
5430551 ,NA                                                                    ,Freehold  ,"1,591 sqft"  ,Residential ,115 sqft     ,"254,302 sqft"      ,Yes
8519745 ,NA                                                                    ,NA        ,NA            ,NA          ,NA           ,"568,337 sqft"      ,NA
6822547 ,NA                                                                    ,NA        ,NA            ,NA          ,NA           ,"858,187 sqft"      ,NA
8515747 ,NA                                                                    ,NA        ,NA            ,NA          ,NA           ,"297,040 sqft"      ,NA
8464138 ,NA                                                                    ,NA        ,NA            ,NA          ,NA           ,"277,517 sqft"      ,NA
8443478 ,NA                                                                    ,NA        ,NA            ,NA          ,NA           ,"1,097,409 sqft"    ,NA
8463613 ,L I V REAL ESTATE DEVELOPMENT L.L.C                                   ,NA        ,NA            ,NA          ,NA           ,NA                  ,NA
8384842 ,ZENICA PROPERTY DEVELOPMENT L.L.C                                     ,NA        ,NA            ,NA          ,NA           ,"1,908,955 sqft"    ,NA
8355370 ,NA                                                                    ,NA        ,NA            ,NA          ,NA           ,"858,187 sqft"      ,NA
8280025 ,EMAAR PROPERTIES (P.J.S.C)                                            ,NA        ,NA            ,NA          ,NA           ,"1,133,555 sqft"    ,NA
8303649 ,EMAAR PROPERTIES (P.J.S.C)                                            ,NA        ,NA            ,NA          ,NA           ,"1,133,555 sqft"    ,NA
8261833 ,MARINA LIV DEVELOPMENT (Br of MARINA 2 GROUP LIMITED ) - DUBAI BRANCH ,NA        ,NA            ,NA          ,NA           ,NA                  ,NA
8281987 ,T F G REAL ESTATE L.L.C                                               ,NA        ,NA            ,NA          ,NA           ,"1,363,152 sqft"    ,NA
8202990 ,NA                                                                    ,NA        ,NA            ,NA          ,NA           ,"216,192 sqft"      ,NA
8264868 ,ZENICA PROPERTY DEVELOPMENT L.L.C                                     ,NA        ,NA            ,NA          ,NA           ,"1,908,955 sqft"    ,NA
8167027 ,NA                                                                    ,NA        ,NA            ,NA          ,NA           ,"858,187 sqft"      ,NA
8126565 ,NA                                                                    ,NA        ,NA            ,NA          ,NA           ,"254,302 sqft"      ,NA
7741191 ,L I V REAL ESTATE DEVELOPMENT L.L.C                                   ,NA        ,NA            ,NA          ,NA           ,NA                  ,NA
8496976 ,NA                                                                    ,NA        ,NA            ,NA          ,NA           ,"940,502 sqft"      ,NA
8491137 ,NA                                                                    ,NA        ,NA            ,NA          ,NA           ,"1,403,677 sqft"    ,NA
7918677 ,NA                                                                    ,NA        ,NA            ,NA          ,NA           ,"703,394 sqft"      ,NA
8215083 ,NA                                                                    ,NA        ,NA            ,NA          ,NA           ,"858,187 sqft"      ,NA
7860999 ,EMAAR PROPERTIES (P.J.S.C)                                            ,NA        ,NA            ,NA          ,NA           ,"1,133,555 sqft"    ,NA
7765017 ,NA                                                                    ,NA        ,NA            ,NA          ,NA           ,"286,305 sqft"      ,NA
8375919 ,NA                                                                    ,NA        ,NA            ,NA          ,NA           ,"342,968 sqft"      ,NA
7876031 ,L I V REAL ESTATE DEVELOPMENT L.L.C                                   ,NA        ,NA            ,NA          ,NA           ,NA                  ,NA
7677907 ,L I V REAL ESTATE DEVELOPMENT L.L.C                                   ,NA        ,NA            ,NA          ,NA           ,NA                  ,NA
7776340 ,MARINA LIV DEVELOPMENT (Br of MARINA 2 GROUP LIMITED ) - DUBAI BRANCH ,NA        ,NA            ,NA          ,NA           ,NA                  ,NA
7594814 ,MARINA LIV DEVELOPMENT (Br of MARINA 2 GROUP LIMITED ) - DUBAI BRANCH ,NA        ,NA            ,NA          ,NA           ,NA                  ,NA
7594882 ,L I V REAL ESTATE DEVELOPMENT L.L.C                                   ,NA        ,NA            ,NA          ,NA           ,NA                  ,NA
8502947 ,NA                                                                    ,NA        ,NA            ,NA          ,NA           ,"42,166 sqft"       ,NA
7682148 ,NA                                                                    ,NA        ,NA            ,NA          ,NA           ,"427,447 sqft"      ,NA
8355372 ,NA                                                                    ,NA        ,NA            ,NA          ,NA           ,"858,187 sqft"      ,NA
8355371 ,NA                                                                    ,NA        ,NA            ,NA          ,NA           ,"858,187 sqft"      ,NA
6874132 ,NA                                                                    ,NA        ,NA            ,NA          ,NA           ,"925,527 sqft"      ,NA
6822544 ,NA                                                                    ,NA        ,NA            ,NA          ,NA           ,"858,187 sqft"      ,NA
7476575 ,NA                                                                    ,NA        ,NA            ,NA          ,NA           ,"1,097,409 sqft"    ,NA
8250124 ,NA                                                                    ,NA        ,NA            ,NA          ,NA           ,"339,189 sqft"      ,NA
8293734 ,DAMAC PROPERTIES CO (L.L.C)                                           ,Freehold  ,"1,199 sqft"  ,Residential ,222 sqft     ,"810,161 sqft"      ,Yes
8241181 ,EMAAR DEVELOPMENT P.J.S.C.                                            ,Freehold  ,"1,314 sqft"  ,Other       ,287 sqft     ,"1,403,598 sqft"    ,Yes
8395645 ,EMAAR DEVELOPMENT P.J.S.C.                                            ,Freehold  ,"2,307 sqft"  ,Other       ,223 sqft     ,"1,403,598 sqft"    ,Yes
8349912 ,NA                                                                    ,NA        ,NA            ,NA          ,NA           ,"1,379,605 sqft"    ,NA
8514064 ,T F G REAL ESTATE L.L.C                                               ,NA        ,NA            ,NA          ,NA           ,NA                  ,NA
8474934 ,SELECT GLOBAL DEVELOPMENT L.L.C                                       ,Freehold  ,"2,130 sqft"  ,Residential ,262 sqft     ,"1,403,677 sqft"    ,Yes
8468945 ,MARINA LIV DEVELOPMENT (Br of MARINA 2 GROUP LIMITED ) - DUBAI BRANCH ,NA        ,NA            ,NA          ,NA           ,NA                  ,NA
5767131 ,TAMEER HOLDING INVESTMENT   (LLC)                                     ,Freehold  ,"3,211 sqft"  ,Residential ,154 sqft     ,"925,527 sqft"      ,Yes
7662923 ,TAMEER HOLDING INVESTMENT   (LLC)                                     ,Freehold  ,"3,173 sqft"  ,Residential ,158 sqft     ,"925,527 sqft"      ,Yes
8322403 ,TRIDENT INTERNATIONAL HOLDING (FZCO)                                  ,Freehold  ,"1,776 sqft"  ,Residential ,141 sqft     ,"530,884 sqft"      ,Yes
7978227 ,EMAAR PROPERTIES (P.J.S.C)                                            ,NA        ,NA            ,NA          ,NA           ,"1,133,555 sqft"    ,NA
8276394 ,TAMEER HOLDING INVESTMENT   (LLC)                                     ,Freehold  ,"1,765 sqft"  ,Residential ,230 sqft     ,"1,097,409 sqft"    ,Yes
8457918 ,EMAAR PROPERTIES (P.J.S.C)                                            ,Freehold  ,709 sqft      ,Residential ,NA           ,"366,045 sqft"      ,Yes
8475745 ,NA                                                                    ,Freehold  ,"1,369 sqft"  ,Residential ,211 sqft     ,"216,005 sqft"      ,Yes
8270569 ,TAMEER HOLDING INVESTMENT   (LLC)                                     ,Freehold  ,"1,183 sqft"  ,Residential ,114 sqft     ,"1,097,409 sqft"    ,Yes
8400704 ,TAMEER HOLDING INVESTMENT   (LLC)                                     ,Freehold  ,960 sqft      ,Residential ,42 sqft      ,"925,527 sqft"      ,Yes
8485125 ,CONTINENTAL INVESTMENTS LMD L.L.C                                     ,NA        ,NA            ,NA          ,NA           ,NA                  ,NA
8460597 ,EMAAR DEVELOPMENT P.J.S.C.                                            ,Freehold  ,"1,094 sqft"  ,Other       ,102 sqft     ,"1,403,598 sqft"    ,Yes
8469284 ,NA                                                                    ,Freehold  ,"1,324 sqft"  ,Residential ,64 sqft      ,"254,302 sqft"      ,Yes
8464694 ,EMAAR DEVELOPMENT P.J.S.C.                                            ,Freehold  ,"1,102 sqft"  ,Other       ,102 sqft     ,"1,403,598 sqft"    ,Yes
8323625 ,SELECT GLOBAL DEVELOPMENT L.L.C                                       ,Freehold  ,592 sqft      ,Residential ,98 sqft      ,"264,403 sqft"      ,Yes
8457231 ,EMAAR PROPERTIES (P.J.S.C)                                            ,Freehold  ,"1,302 sqft"  ,Residential ,58 sqft      ,"433,754 sqft"      ,Yes
8427933 ,NA                                                                    ,Freehold  ,"1,366 sqft"  ,Residential ,72 sqft      ,"133,898 sqft"      ,Yes
8422986 ,TEBYAN REAL ESTATE DEVELOPMENT ENTERPRISES (LLC)                      ,Freehold  ,827 sqft      ,Residential ,106 sqft     ,"107,473 sqft"      ,Yes
8286055 ,THARWAA ESCAN INVESTMENTS (L.L.C)                                     ,Freehold  ,359 sqft      ,Residential ,66 sqft      ,"278,342 sqft"      ,Yes
8182475 ,DAMAC GULF PROPERTIES (L.L.C)                                         ,Freehold  ,970 sqft      ,Residential ,152 sqft     ,"884,073 sqft"      ,Yes
7982340 ,CAYAN REAL ESTATE INVESTMENT & DEVELOPMENT L.L.C                      ,Freehold  ,"1,441 sqft"  ,Residential ,97 sqft      ,"342,968 sqft"      ,Yes
7621409 ,L I V REAL ESTATE DEVELOPMENT L.L.C                                   ,NA        ,NA            ,NA          ,NA           ,NA                  ,NA
8419577 ,SELECT GLOBAL DEVELOPMENT L.L.C                                       ,Freehold  ,"1,207 sqft"  ,Residential ,159 sqft     ,"703,394 sqft"      ,Yes
8428681 ,NA                                                                    ,Freehold  ,963 sqft      ,Residential ,60 sqft      ,"179,373 sqft"      ,Yes
7634915 ,NA                                                                    ,Freehold  ,"1,545 sqft"  ,Residential ,65 sqft      ,"706,961 sqft"      ,Yes
8397890 ,NA                                                                    ,NA        ,NA            ,NA          ,NA           ,"940,502 sqft"      ,NA
8398827 ,TIGER PROPERTIES                                                      ,Freehold  ,"1,219 sqft"  ,Residential ,33 sqft      ,"849,284 sqft"      ,Yes
8439170 ,EMAAR PROPERTIES (P.J.S.C)                                            ,NA        ,NA            ,NA          ,NA           ,"1,133,555 sqft"    ,NA
8305363 ,NA                                                                    ,Freehold  ,714 sqft      ,Residential ,69 sqft      ,"169,611 sqft"      ,Yes
7724935 ,EMAAR PROPERTIES (P.J.S.C)                                            ,Freehold  ,"2,321 sqft"  ,Residential ,183 sqft     ,"293,542 sqft"      ,Yes
8357926 ,T F G REAL ESTATE L.L.C                                               ,NA        ,NA            ,NA          ,NA           ,"1,363,152 sqft"    ,NA
8276356 ,POINT DEVELOPMENT LIMITED                                             ,Freehold  ,760 sqft      ,Residential ,66 sqft      ,"304,148 sqft"      ,Yes
8299753 ,TAMEER HOLDING INVESTMENT   (LLC)                                     ,Freehold  ,923 sqft      ,Residential ,41 sqft      ,"1,097,409 sqft"    ,Yes
8320003 ,L I V REAL ESTATE DEVELOPMENT L.L.C                                   ,NA        ,NA            ,NA          ,NA           ,NA                  ,NA
7989862 ,NA                                                                    ,Freehold  ,"1,494 sqft"  ,Residential ,149 sqft     ,"983,257 sqft"      ,Yes
8338201 ,SHEFFIELD REAL ESTAT.L .L .C                                          ,Freehold  ,826 sqft      ,Residential ,84 sqft      ,"132,379 sqft"      ,Yes
7983754 ,NA                                                                    ,Freehold  ,961 sqft      ,Residential ,105 sqft     ,"247,478 sqft"      ,Yes
8090861 ,NA                                                                    ,Freehold  ,"1,054 sqft"  ,Residential ,237 sqft     ,"305,965 sqft"      ,Yes
8065317 ,TIGER PROPERTIES                                                      ,Freehold  ,761 sqft      ,Residential ,90 sqft      ,"849,284 sqft"      ,Yes
8257869 ,TAMEER HOLDING INVESTMENT   (LLC)                                     ,Freehold  ,"1,181 sqft"  ,Residential ,114 sqft     ,"1,097,409 sqft"    ,Yes
7830458 ,NA                                                                    ,Freehold  ,"1,717 sqft"  ,Residential ,194 sqft     ,"259,700 sqft"      ,Yes
8507273 ,NA                                                                    ,Freehold  ,714 sqft      ,Residential ,69 sqft      ,"169,611 sqft"      ,Yes
8158219 ,NA                                                                    ,NA        ,NA            ,NA          ,NA           ,"849,284 sqft"      ,NA
8504211 ,THARWAA ESCAN INVESTMENTS (L.L.C)                                     ,Freehold  ,778 sqft      ,Residential ,124 sqft     ,"278,342 sqft"      ,Yes
8291695 ,NA                                                                    ,Freehold  ,"1,054 sqft"  ,Residential ,237 sqft     ,"305,965 sqft"      ,Yes
8478276 ,NA                                                                    ,Freehold  ,708 sqft      ,Residential ,69 sqft      ,"169,496 sqft"      ,Yes
8468747 ,DREAM ESTATE LIMITED                                                  ,Freehold  ,844 sqft      ,Residential ,NA           ,"689,176 sqft"      ,Yes
8488371 ,NA                                                                    ,Freehold  ,"1,064 sqft"  ,Residential ,162 sqft     ,"261,612 sqft"      ,Yes
7723584 ,TAMEER HOLDING INVESTMENT   (LLC)                                     ,Freehold  ,"2,014 sqft"  ,Residential ,154 sqft     ,"1,097,409 sqft"    ,Yes
8459214 ,EMAAR DEVELOPMENT P.J.S.C.                                            ,Freehold  ,"1,742 sqft"  ,Other       ,129 sqft     ,"1,465,941 sqft"    ,Yes
8460430 ,EMAAR DEVELOPMENT P.J.S.C.                                            ,Freehold  ,"1,138 sqft"  ,Other       ,108 sqft     ,"1,465,941 sqft"    ,Yes
8453915 ,TIGER PROPERTIES                                                      ,Freehold  ,761 sqft      ,Residential ,90 sqft      ,"849,284 sqft"      ,Yes
8286109 ,GLOBAL GROUP INTERNATIONAL LIMITED                                    ,Freehold  ,813 sqft      ,Residential ,82 sqft      ,"345,350 sqft"      ,Yes
8057270 ,TAMEER HOLDING INVESTMENT   (LLC)                                     ,Freehold  ,"1,331 sqft"  ,Residential ,37 sqft      ,"925,527 sqft"      ,Yes
8439000 ,L I V REAL ESTATE DEVELOPMENT L.L.C                                   ,Freehold  ,"1,397 sqft"  ,Residential ,113 sqft     ,"427,447 sqft"      ,Yes
8421658 ,TIGER PROPERTIES                                                      ,Freehold  ,"1,566 sqft"  ,Residential ,150 sqft     ,"849,284 sqft"      ,NA
8442420 ,T F G REAL ESTATE L.L.C                                               ,Freehold  ,439 sqft      ,Other       ,76 sqft      ,"217,036 sqft"      ,Yes
8419968 ,NA                                                                    ,Freehold  ,841 sqft      ,Residential ,51 sqft      ,"283,672 sqft"      ,Yes
6994751 ,DAMAC GULF PROPERTIES (L.L.C)                                         ,Freehold  ,"1,960 sqft"  ,Residential ,302 sqft     ,"884,073 sqft"      ,Yes
8411455 ,GULF SHORES INC                                                       ,Freehold  ,"1,826 sqft"  ,Residential ,357 sqft     ,"124,927 sqft"      ,Yes
8397049 ,DAMAC GULF PROPERTIES (L.L.C)                                         ,Freehold  ,979 sqft      ,Residential ,93 sqft      ,"884,073 sqft"      ,Yes
8466559 ,EMAAR PROPERTIES (P.J.S.C)                                            ,Freehold  ,922 sqft      ,Residential ,80 sqft      ,"370,407 sqft"      ,Yes
8433685 ,EMAAR PROPERTIES (P.J.S.C)                                            ,Freehold  ,540 sqft      ,Residential ,59 sqft      ,"1,565,456 sqft"    ,Yes
8403324 ,NA                                                                    ,Freehold  ,"2,708 sqft"  ,Residential ,532 sqft     ,"330,421 sqft"      ,Yes
8404062 ,NA                                                                    ,Freehold  ,"1,579 sqft"  ,Residential ,103 sqft     ,"283,672 sqft"      ,Yes
8424695 ,POINT DEVELOPMENT LIMITED                                             ,Freehold  ,"1,594 sqft"  ,Residential ,117 sqft     ,"304,148 sqft"      ,Yes
8344878 ,TIGER PROPERTIES                                                      ,Freehold  ,845 sqft      ,Residential ,115 sqft     ,"849,284 sqft"      ,Yes
8341185 ,DAMAC GULF PROPERTIES (L.L.C)                                         ,Freehold  ,"1,228 sqft"  ,Residential ,119 sqft     ,"884,073 sqft"      ,Yes
8384365 ,EMAAR DEVELOPMENT P.J.S.C.                                            ,Freehold  ,"1,232 sqft"  ,Other       ,155 sqft     ,"1,403,598 sqft"    ,Yes
8356003 ,TORCH SELECT LIMITED                                                  ,Freehold  ,"1,258 sqft"  ,Residential ,78 sqft      ,"852,218 sqft"      ,Yes
8425320 ,THARWAA ESCAN INVESTMENTS (L.L.C)                                     ,Freehold  ,"1,169 sqft"  ,Residential ,223 sqft     ,"278,342 sqft"      ,Yes
8318930 ,EMAAR DEVELOPMENT P.J.S.C.                                            ,Freehold  ,"1,233 sqft"  ,Other       ,156 sqft     ,"1,403,598 sqft"    ,Yes
8315514 ,NA                                                                    ,Freehold  ,"1,543 sqft"  ,Residential ,123 sqft     ,"305,965 sqft"      ,Yes
8341150 ,POINT DEVELOPMENT LIMITED                                             ,Freehold  ,"2,772 sqft"  ,Other       ,484 sqft     ,"304,148 sqft"      ,Yes
8314162 ,TAMEER HOLDING INVESTMENT   (LLC)                                     ,Freehold  ,802 sqft      ,Residential ,45 sqft      ,"925,527 sqft"      ,Yes
8308539 ,GKT HOLDINGS LIMITED                                                  ,Freehold  ,"1,326 sqft"  ,Residential ,308 sqft     ,"294,679 sqft"      ,Yes
8271131 ,GLOBAL GROUP INTERNATIONAL LIMITED                                    ,Freehold  ,"2,346 sqft"  ,Residential ,670 sqft     ,"345,350 sqft"      ,Yes
8342467 ,NA                                                                    ,Freehold  ,613 sqft      ,Residential ,104 sqft     ,"81,704 sqft"       ,Yes
8328251 ,T F G REAL ESTATE L.L.C                                               ,Freehold  ,438 sqft      ,Other       ,85 sqft      ,"217,036 sqft"      ,Yes
8388836 ,CAYAN REAL ESTATE INVESTMENT & DEVELOPMENT L.L.C                      ,Freehold  ,714 sqft      ,Residential ,41 sqft      ,"720,602 sqft"      ,Yes
8292070 ,TIGER PROPERTIES                                                      ,Freehold  ,"1,219 sqft"  ,Residential ,33 sqft      ,"849,284 sqft"      ,Yes
8288821 ,TAMEER HOLDING INVESTMENT   (LLC)                                     ,Freehold  ,802 sqft      ,Residential ,38 sqft      ,"925,527 sqft"      ,Yes
8312655 ,NA                                                                    ,Freehold  ,"1,064 sqft"  ,Residential ,162 sqft     ,"261,612 sqft"      ,Yes
8313824 ,EMAAR PROPERTIES (P.J.S.C)                                            ,Freehold  ,909 sqft      ,Residential ,60 sqft      ,"366,045 sqft"      ,Yes
8313482 ,TORCH SELECT LIMITED                                                  ,Freehold  ,978 sqft      ,Residential ,64 sqft      ,"852,218 sqft"      ,Yes
8250728 ,NA                                                                    ,Freehold  ,"1,350 sqft"  ,Residential ,74 sqft      ,"207,736 sqft"      ,Yes
8300114 ,TAMEER HOLDING INVESTMENT   (LLC)                                     ,Freehold  ,801 sqft      ,Residential ,45 sqft      ,"925,527 sqft"      ,Yes
8233516 ,DAMAC GULF PROPERTIES (L.L.C)                                         ,Freehold  ,"1,632 sqft"  ,Residential ,259 sqft     ,"884,073 sqft"      ,Yes
8238296 ,EMAAR DEVELOPMENT P.J.S.C.                                            ,Freehold  ,"1,653 sqft"  ,Other       ,134 sqft     ,"1,403,598 sqft"    ,Yes
8264650 ,TAMEER HOLDING INVESTMENT   (LLC)                                     ,Freehold  ,"3,173 sqft"  ,Residential ,154 sqft     ,"925,527 sqft"      ,Yes
8246576 ,SELECT GLOBAL DEVELOPMENT L.L.C                                       ,Freehold  ,"1,136 sqft"  ,Residential ,NA           ,"255,330 sqft"      ,Yes
8223817 ,AL SAYYAH & SONS INVESTMENT (L.L.C.)                                  ,Freehold  ,967 sqft      ,Residential ,87 sqft      ,"846,914 sqft"      ,Yes
8247284 ,GLOBAL GROUP HOLDINGS LIMITED                                         ,Freehold  ,"1,203 sqft"  ,Residential ,145 sqft     ,"370,459 sqft"      ,Yes
8259263 ,NA                                                                    ,Freehold  ,"1,098 sqft"  ,Residential ,263 sqft     ,"153,653 sqft"      ,Yes
8237922 ,NA                                                                    ,Freehold  ,"2,437 sqft"  ,Residential ,69 sqft      ,"223,279 sqft"      ,Yes
8192053 ,MARINA ARCADE REAL ESTATE (L.L.C)                                     ,Freehold  ,"2,090 sqft"  ,Residential ,NA           ,"858,187 sqft"      ,Yes
8257760 ,DAMAC GULF PROPERTIES (L.L.C)                                         ,Freehold  ,"2,330 sqft"  ,Residential ,NA           ,"884,073 sqft"      ,Yes
8183688 ,GLOBAL GROUP INTERNATIONAL LIMITED                                    ,Freehold  ,809 sqft      ,Residential ,82 sqft      ,"345,350 sqft"      ,Yes
8104723 ,TEBYAN REAL ESTATE DEVELOPMENT ENTERPRISES (LLC)                      ,Freehold  ,865 sqft      ,Residential ,133 sqft     ,"268,322 sqft"      ,Yes
8343573 ,TEBYAN REAL ESTATE DEVELOPMENT ENTERPRISES (LLC)                      ,Freehold  ,826 sqft      ,Residential ,106 sqft     ,"107,473 sqft"      ,Yes
8138121 ,TAMEER HOLDING INVESTMENT   (LLC)                                     ,Freehold  ,802 sqft      ,Residential ,45 sqft      ,"925,527 sqft"      ,Yes
8117575 ,CAYAN REAL ESTATE INVESTMENT & DEVELOPMENT L.L.C                      ,Freehold  ,"1,427 sqft"  ,Residential ,97 sqft      ,"342,968 sqft"      ,Yes
8238577 ,NA                                                                    ,Freehold  ,742 sqft      ,Residential ,90 sqft      ,"297,040 sqft"      ,Yes
8117223 ,CAYAN REAL ESTATE INVESTMENT & DEVELOPMENT L.L.C                      ,Freehold  ,518 sqft      ,Residential ,80 sqft      ,"264,007 sqft"      ,Yes
8117339 ,CAYAN REAL ESTATE INVESTMENT & DEVELOPMENT L.L.C                      ,Freehold  ,714 sqft      ,Residential ,41 sqft      ,"720,602 sqft"      ,Yes
8090758 ,SELECT GLOBAL DEVELOPMENT L.L.C                                       ,Freehold  ,763 sqft      ,Residential ,44 sqft      ,"703,394 sqft"      ,Yes
8326479 ,NA                                                                    ,Freehold  ,"1,011 sqft"  ,Residential ,117 sqft     ,"579,717 sqft"      ,Yes
8138077 ,EMAAR PROPERTIES (P.J.S.C)                                            ,Freehold  ,"1,463 sqft"  ,Residential ,84 sqft      ,"366,045 sqft"      ,Yes
8160565 ,SELECT GLOBAL DEVELOPMENT L.L.C                                       ,Freehold  ,"1,210 sqft"  ,Residential ,159 sqft     ,"703,394 sqft"      ,Yes
8086913 ,NA                                                                    ,Freehold  ,"2,613 sqft"  ,Residential ,440 sqft     ,"168,414 sqft"      ,Yes
8069013 ,TORCH SELECT LIMITED                                                  ,Freehold  ,"1,258 sqft"  ,Residential ,78 sqft      ,"852,218 sqft"      ,Yes
8073184 ,TAMEER HOLDING INVESTMENT   (LLC)                                     ,Freehold  ,"1,189 sqft"  ,Residential ,114 sqft     ,"1,097,409 sqft"    ,Yes
8092838 ,DREAM ESTATE LIMITED                                                  ,Freehold  ,844 sqft      ,Residential ,NA           ,"689,176 sqft"      ,Yes
8083840 ,NA                                                                    ,Freehold  ,"1,326 sqft"  ,Residential ,157 sqft     ,"211,465 sqft"      ,Yes
8068976 ,HIRCON INTERNATIONAL L.L.C                                            ,Freehold  ,"2,146 sqft"  ,Residential ,154 sqft     ,"886,537 sqft"      ,Yes
8168910 ,NA                                                                    ,Freehold  ,"2,860 sqft"  ,Residential ,139 sqft     ,"154,935 sqft"      ,NA
8027194 ,EMAAR DEVELOPMENT P.J.S.C.                                            ,Freehold  ,"1,145 sqft"  ,Other       ,123 sqft     ,"1,403,598 sqft"    ,Yes
8448421 ,GKT HOLDINGS LIMITED                                                  ,Freehold  ,"4,535 sqft"  ,Residential ,"1,066 sqft" ,"294,679 sqft"      ,Yes
8044550 ,TAMEER HOLDING INVESTMENT   (LLC)                                     ,Freehold  ,"1,329 sqft"  ,Residential ,37 sqft      ,"925,527 sqft"      ,Yes
8004647 ,NA                                                                    ,NA        ,NA            ,NA          ,NA           ,"1,403,677 sqft"    ,NA
8222889 ,SELECT GLOBAL DEVELOPMENT L.L.C                                       ,Freehold  ,771 sqft      ,Residential ,120 sqft     ,"703,394 sqft"      ,Yes
8046181 ,SELECT GLOBAL DEVELOPMENT L.L.C                                       ,Freehold  ,822 sqft      ,Residential ,107 sqft     ,"703,394 sqft"      ,Yes
8227049 ,SELECT GLOBAL DEVELOPMENT L.L.C                                       ,Freehold  ,"1,256 sqft"  ,Residential ,170 sqft     ,"610,210 sqft"      ,Yes
7960288 ,NA                                                                    ,Freehold  ,"1,141 sqft"  ,Residential ,59 sqft      ,"197,703 sqft"      ,Yes
8155236 ,NA                                                                    ,Freehold  ,"2,613 sqft"  ,Residential ,440 sqft     ,"168,414 sqft"      ,Yes
7974494 ,TAMEER HOLDING INVESTMENT   (LLC)                                     ,Freehold  ,"1,311 sqft"  ,Residential ,53 sqft      ,"1,097,409 sqft"    ,Yes
7983968 ,AL SAYYAH & SONS INVESTMENT (L.L.C.)                                  ,Freehold  ,918 sqft      ,Residential ,96 sqft      ,"846,914 sqft"      ,Yes
7974705 ,TORCH SELECT LIMITED                                                  ,Freehold  ,887 sqft      ,Other       ,71 sqft      ,"852,218 sqft"      ,Yes
7973585 ,SELECT GLOBAL DEVELOPMENT L.L.C                                       ,Freehold  ,"1,075 sqft"  ,Residential ,123 sqft     ,"255,330 sqft"      ,Yes
7947596 ,NA                                                                    ,Freehold  ,961 sqft      ,Residential ,105 sqft     ,"247,478 sqft"      ,Yes
8045258 ,TAMEER HOLDING INVESTMENT   (LLC)                                     ,Freehold  ,"1,998 sqft"  ,Residential ,168 sqft     ,"1,097,409 sqft"    ,Yes
8447359 ,NA                                                                    ,NA        ,NA            ,NA          ,NA           ,"706,961 sqft"      ,NA
8227305 ,EMAAR DEVELOPMENT P.J.S.C.                                            ,Freehold  ,"1,187 sqft"  ,Other       ,51 sqft      ,"1,465,941 sqft"    ,Yes
8493290 ,EMAAR PROPERTIES (P.J.S.C)                                            ,Freehold  ,"1,463 sqft"  ,Residential ,84 sqft      ,"366,045 sqft"      ,Yes
8486576 ,TAMEER HOLDING INVESTMENT   (LLC)                                     ,Freehold  ,"3,173 sqft"  ,Residential ,154 sqft     ,"925,527 sqft"      ,Yes
8284377 ,NA                                                                    ,Freehold  ,"1,001 sqft"  ,Residential ,70 sqft      ,"177,922 sqft"      ,Yes
7930850 ,TORCH SELECT LIMITED                                                  ,Freehold  ,"4,033 sqft"  ,Residential ,689 sqft     ,"852,218 sqft"      ,Yes
7924667 ,TIGER PROPERTIES                                                      ,Freehold  ,762 sqft      ,Residential ,90 sqft      ,"849,284 sqft"      ,Yes
8489950 ,NA                                                                    ,Freehold  ,"3,125 sqft"  ,Residential ,289 sqft     ,"326,421 sqft"      ,Yes
8457521 ,EMAAR DEVELOPMENT P.J.S.C.                                            ,Freehold  ,"1,233 sqft"  ,Other       ,156 sqft     ,"1,403,598 sqft"    ,Yes
8316788 ,NA                                                                    ,Freehold  ,"1,371 sqft"  ,Residential ,158 sqft     ,"211,465 sqft"      ,Yes
7978045 ,NA                                                                    ,NA        ,NA            ,NA          ,NA           ,"1,097,409 sqft"    ,NA
7802696 ,EMAAR PROPERTIES (P.J.S.C)                                            ,Freehold  ,938 sqft      ,Residential ,102 sqft     ,"366,045 sqft"      ,Yes
7891551 ,CAYAN REAL ESTATE INVESTMENT & DEVELOPMENT L.L.C                      ,Freehold  ,"2,550 sqft"  ,Residential ,81 sqft      ,"720,602 sqft"      ,Yes
8424585 ,TAMEER HOLDING INVESTMENT   (LLC)                                     ,Freehold  ,923 sqft      ,Residential ,41 sqft      ,"1,097,409 sqft"    ,Yes
7779235 ,DREAM ESTATE LIMITED                                                  ,Freehold  ,"1,723 sqft"  ,Residential ,216 sqft     ,"689,176 sqft"      ,Yes
7783485 ,TAMEER HOLDING INVESTMENT   (LLC)                                     ,Freehold  ,737 sqft      ,Residential ,45 sqft      ,"925,527 sqft"      ,Yes
8077523 ,NA                                                                    ,Freehold  ,"1,185 sqft"  ,Residential ,77 sqft      ,"269,282 sqft"      ,Yes
8458395 ,CAYAN REAL ESTATE INVESTMENT & DEVELOPMENT L.L.C                      ,Freehold  ,"1,650 sqft"  ,Other       ,72 sqft      ,"720,602 sqft"      ,Yes
8319872 ,TAMEER HOLDING INVESTMENT   (LLC)                                     ,Freehold  ,960 sqft      ,Residential ,42 sqft      ,"925,527 sqft"      ,Yes
7955368 ,BAY CENTRAL DEVELOPMENTS LIMITED                                      ,Freehold  ,638 sqft      ,Residential ,51 sqft      ,"277,517 sqft"      ,Yes
7608548 ,NA                                                                    ,Freehold  ,"1,031 sqft"  ,Residential ,69 sqft      ,"177,922 sqft"      ,Yes
8499333 ,NA                                                                    ,Freehold  ,"1,499 sqft"  ,Residential ,85 sqft      ,"330,421 sqft"      ,Yes
7591510 ,EMAAR PROPERTIES (P.J.S.C)                                            ,Freehold  ,"1,480 sqft"  ,Residential ,86 sqft      ,"433,754 sqft"      ,Yes
7536503 ,EMAAR DEVELOPMENT P.J.S.C.                                            ,Freehold  ,"1,728 sqft"  ,Other       ,130 sqft     ,"1,465,941 sqft"    ,Yes
7873329 ,NA                                                                    ,NA        ,NA            ,NA          ,NA           ,"376,005 sqft"      ,NA
7823757 ,TIGER PROPERTIES                                                      ,Freehold  ,761 sqft      ,Residential ,90 sqft      ,"849,284 sqft"      ,Yes
7613429 ,AL SAYYAH & SONS INVESTMENT (L.L.C.)                                  ,Freehold  ,"1,384 sqft"  ,Other       ,156 sqft     ,"846,914 sqft"      ,Yes
8441658 ,THARWAA ESCAN INVESTMENTS (L.L.C)                                     ,Freehold  ,778 sqft      ,Residential ,124 sqft     ,"278,342 sqft"      ,Yes
8442894 ,CAYAN REAL ESTATE INVESTMENT & DEVELOPMENT L.L.C                      ,Freehold  ,"1,423 sqft"  ,Residential ,79 sqft      ,"342,968 sqft"      ,Yes
7477554 ,NA                                                                    ,Freehold  ,"2,174 sqft"  ,Residential ,149 sqft     ,"983,257 sqft"      ,Yes
8469329 ,NA                                                                    ,Freehold  ,895 sqft      ,Residential ,53 sqft      ,"207,736 sqft"      ,Yes
8357104 ,NA                                                                    ,Freehold  ,"1,558 sqft"  ,Residential ,82 sqft      ,"197,703 sqft"      ,Yes
8283107 ,TRIDENT INTERNATIONAL HOLDING (FZCO)                                  ,Freehold  ,"4,231 sqft"  ,Residential ,946 sqft     ,"170,995 sqft"      ,NA
8406596 ,DAMAC GULF PROPERTIES (L.L.C)                                         ,Freehold  ,963 sqft      ,Residential ,144 sqft     ,"884,073 sqft"      ,Yes
7362553 ,NA                                                                    ,Freehold  ,"3,886 sqft"  ,Residential ,562 sqft     ,"1,326,014 sqft"    ,Yes
8220588 ,BAY CENTRAL DEVELOPMENTS LIMITED                                      ,Freehold  ,"1,116 sqft"  ,Residential ,103 sqft     ,"277,517 sqft"      ,Yes
6831657 ,HIRCON INTERNATIONAL L.L.C                                            ,Freehold  ,"1,617 sqft"  ,Residential ,146 sqft     ,"886,537 sqft"      ,Yes
6796526 ,SELECT GLOBAL DEVELOPMENT L.L.C                                       ,Freehold  ,"1,750 sqft"  ,Residential ,260 sqft     ,"610,210 sqft"      ,Yes
8378022 ,SELECT GLOBAL DEVELOPMENT L.L.C                                       ,Freehold  ,830 sqft      ,Residential ,137 sqft     ,"264,403 sqft"      ,Yes
6883638 ,DREAM ESTATE LIMITED                                                  ,Freehold  ,"1,723 sqft"  ,Residential ,216 sqft     ,"689,176 sqft"      ,Yes
8102506 ,SELECT GLOBAL DEVELOPMENT L.L.C                                       ,Freehold  ,763 sqft      ,Residential ,44 sqft      ,"703,394 sqft"      ,Yes
6518661 ,NA                                                                    ,Freehold  ,"2,001 sqft"  ,Residential ,121 sqft     ,"330,421 sqft"      ,Yes
6837175 ,NA                                                                    ,Freehold  ,684 sqft      ,Residential ,124 sqft     ,"257,766 sqft"      ,Yes
8530693 ,NA                                                                    ,NA        ,NA            ,NA          ,NA           ,"223,642 sqft"      ,NA
8526260 ,NA                                                                    ,NA        ,NA            ,NA          ,NA           ,"305,965 sqft"      ,NA
8510577 ,NA                                                                    ,NA        ,NA            ,NA          ,NA           ,"170,941 sqft"      ,NA
8515155 ,NA                                                                    ,NA        ,NA            ,NA          ,NA           ,"376,005 sqft"      ,NA
8486968 ,NA                                                                    ,NA        ,NA            ,NA          ,NA           ,"168,414 sqft"      ,NA
8476194 ,NA                                                                    ,NA        ,NA            ,NA          ,NA           ,"107,473 sqft"      ,NA
8476402 ,NA                                                                    ,NA        ,NA            ,NA          ,NA           ,"138,520 sqft"      ,NA
8478210 ,NA                                                                    ,NA        ,NA            ,NA          ,NA           ,"154,935 sqft"      ,NA
8468181 ,NA                                                                    ,NA        ,NA            ,NA          ,NA           ,"886,537 sqft"      ,NA
8438424 ,NA                                                                    ,NA        ,NA            ,NA          ,NA           ,"305,965 sqft"      ,NA
8485110 ,NA                                                                    ,NA        ,NA            ,NA          ,NA           ,"689,176 sqft"      ,NA
8497018 ,NA                                                                    ,NA        ,NA            ,NA          ,NA           ,"216,005 sqft"      ,NA
8479295 ,NA                                                                    ,NA        ,NA            ,NA          ,NA           ,"689,176 sqft"      ,NA
8435482 ,NA                                                                    ,NA        ,NA            ,NA          ,NA           ,"498,918 sqft"      ,NA
8435965 ,ZENICA PROPERTY DEVELOPMENT L.L.C                                     ,NA        ,NA            ,NA          ,NA           ,"1,908,955 sqft"    ,NA
8438891 ,NA                                                                    ,NA        ,NA            ,NA          ,NA           ,"376,005 sqft"      ,NA
8376651 ,NA                                                                    ,NA        ,NA            ,NA          ,NA           ,"1,403,598 sqft"    ,NA
8389119 ,NA                                                                    ,NA        ,NA            ,NA          ,NA           ,"376,005 sqft"      ,NA
8452521 ,L I V REAL ESTATE DEVELOPMENT L.L.C                                   ,NA        ,NA            ,NA          ,NA           ,NA                  ,NA
8463671 ,L I V REAL ESTATE DEVELOPMENT L.L.C                                   ,NA        ,NA            ,NA          ,NA           ,NA                  ,NA
8385504 ,NA                                                                    ,NA        ,NA            ,NA          ,NA           ,"858,187 sqft"      ,NA
8312431 ,NA                                                                    ,NA        ,NA            ,NA          ,NA           ,"321,210 sqft"      ,NA
8312671 ,NA                                                                    ,NA        ,NA            ,NA          ,NA           ,"138,330 sqft"      ,NA
8406611 ,NA                                                                    ,NA        ,NA            ,NA          ,NA           ,"852,218 sqft"      ,NA
8497336 ,NA                                                                    ,NA        ,NA            ,NA          ,NA           ,"231,557 sqft"      ,NA
8469398 ,NA                                                                    ,NA        ,NA            ,NA          ,NA           ,"810,161 sqft"      ,NA
8375177 ,NA                                                                    ,NA        ,NA            ,NA          ,NA           ,"858,187 sqft"      ,NA
8310749 ,T F G REAL ESTATE L.L.C                                               ,NA        ,NA            ,NA          ,NA           ,"1,363,152 sqft"    ,NA
8386040 ,NA                                                                    ,NA        ,NA            ,NA          ,NA           ,"849,284 sqft"      ,NA
8401137 ,NA                                                                    ,NA        ,NA            ,NA          ,NA           ,"983,257 sqft"      ,NA
8324173 ,T F G REAL ESTATE L.L.C                                               ,NA        ,NA            ,NA          ,NA           ,"1,363,152 sqft"    ,NA
8431695 ,NA                                                                    ,NA        ,NA            ,NA          ,NA           ,"810,161 sqft"      ,NA
8286052 ,NA                                                                    ,NA        ,NA            ,NA          ,NA           ,"703,394 sqft"      ,NA
8307986 ,T F G REAL ESTATE L.L.C                                               ,NA        ,NA            ,NA          ,NA           ,"1,363,152 sqft"    ,NA
8337168 ,NA                                                                    ,NA        ,NA            ,NA          ,NA           ,"703,394 sqft"      ,NA
8300272 ,NA                                                                    ,NA        ,NA            ,NA          ,NA           ,"846,914 sqft"      ,NA
8374578 ,NA                                                                    ,NA        ,NA            ,NA          ,NA           ,"376,005 sqft"      ,NA
8316400 ,L I V REAL ESTATE DEVELOPMENT L.L.C                                   ,NA        ,NA            ,NA          ,NA           ,NA                  ,NA
8215081 ,NA                                                                    ,NA        ,NA            ,NA          ,NA           ,"858,187 sqft"      ,NA
8246194 ,NA                                                                    ,NA        ,NA            ,NA          ,NA           ,"279,413 sqft"      ,NA
8215079 ,NA                                                                    ,NA        ,NA            ,NA          ,NA           ,"858,187 sqft"      ,NA
8215085 ,NA                                                                    ,NA        ,NA            ,NA          ,NA           ,"858,187 sqft"      ,NA
8374579 ,NA                                                                    ,NA        ,NA            ,NA          ,NA           ,"376,005 sqft"      ,NA
8201711 ,EMAAR PROPERTIES (P.J.S.C)                                            ,NA        ,NA            ,NA          ,NA           ,"1,133,555 sqft"    ,NA
8223120 ,T F G REAL ESTATE L.L.C                                               ,NA        ,NA            ,NA          ,NA           ,"1,363,152 sqft"    ,NA
8193134 ,NA                                                                    ,NA        ,NA            ,NA          ,NA           ,"257,766 sqft"      ,NA
8387712 ,NA                                                                    ,NA        ,NA            ,NA          ,NA           ,"920,347 sqft"      ,NA
8144907 ,NA                                                                    ,NA        ,NA            ,NA          ,NA           ,"129,369 sqft"      ,NA
8173306 ,ZENICA PROPERTY DEVELOPMENT L.L.C                                     ,NA        ,NA            ,NA          ,NA           ,"1,908,955 sqft"    ,NA
8121595 ,NA                                                                    ,NA        ,NA            ,NA          ,NA           ,"846,914 sqft"      ,NA
8166565 ,ZENICA PROPERTY DEVELOPMENT L.L.C                                     ,NA        ,NA            ,NA          ,NA           ,"1,908,955 sqft"    ,NA
8232433 ,NA                                                                    ,NA        ,NA            ,NA          ,NA           ,"411,917 sqft"      ,NA
7890660 ,NA                                                                    ,NA        ,NA            ,NA          ,NA           ,"427,447 sqft"      ,NA
8467197 ,NA                                                                    ,NA        ,NA            ,NA          ,NA           ,"376,005 sqft"      ,NA
8025952 ,L I V REAL ESTATE DEVELOPMENT L.L.C                                   ,NA        ,NA            ,NA          ,NA           ,NA                  ,NA
7883841 ,ZENICA PROPERTY DEVELOPMENT L.L.C                                     ,NA        ,NA            ,NA          ,NA           ,"1,908,955 sqft"    ,NA
7877197 ,ZENICA PROPERTY DEVELOPMENT L.L.C                                     ,NA        ,NA            ,NA          ,NA           ,"1,908,955 sqft"    ,NA
7682012 ,MARINA LIV DEVELOPMENT (Br of MARINA 2 GROUP LIMITED ) - DUBAI BRANCH ,NA        ,NA            ,NA          ,NA           ,NA                  ,NA
7681891 ,L I V REAL ESTATE DEVELOPMENT L.L.C                                   ,NA        ,NA            ,NA          ,NA           ,NA                  ,NA
7681741 ,L I V REAL ESTATE DEVELOPMENT L.L.C                                   ,NA        ,NA            ,NA          ,NA           ,NA                  ,NA
7682010 ,MARINA LIV DEVELOPMENT (Br of MARINA 2 GROUP LIMITED ) - DUBAI BRANCH ,NA        ,NA            ,NA          ,NA           ,NA                  ,NA
7673283 ,ZENICA PROPERTY DEVELOPMENT L.L.C                                     ,NA        ,NA            ,NA          ,NA           ,"1,908,955 sqft"    ,NA
8373108 ,NA                                                                    ,NA        ,NA            ,NA          ,NA           ,"858,187 sqft"      ,NA
7640069 ,ZENICA PROPERTY DEVELOPMENT L.L.C                                     ,NA        ,NA            ,NA          ,NA           ,"1,908,955 sqft"    ,NA
8215084 ,NA                                                                    ,NA        ,NA            ,NA          ,NA           ,"858,187 sqft"      ,NA
7813188 ,NA                                                                    ,NA        ,NA            ,NA          ,NA           ,"159,627 sqft"      ,NA
8398081 ,NA                                                                    ,NA        ,NA            ,NA          ,NA           ,"846,914 sqft"      ,NA
8277192 ,NA                                                                    ,NA        ,NA            ,NA          ,NA           ,"1,465,941 sqft"    ,NA
8321466 ,NA                                                                    ,NA        ,NA            ,NA          ,NA           ,"925,527 sqft"      ,NA
6814106 ,NA                                                                    ,NA        ,NA            ,NA          ,NA           ,"211,465 sqft"      ,NA
6660102 ,NA                                                                    ,NA        ,NA            ,NA          ,NA           ,"1,403,598 sqft"    ,NA
6544192 ,NA                                                                    ,NA        ,NA            ,NA          ,NA           ,"500,579 sqft"      ,NA
6637312 ,EMAAR PROPERTIES (P.J.S.C)                                            ,NA        ,NA            ,NA          ,NA           ,"1,133,555 sqft"    ,NA
7501162 ,NA                                                                    ,NA        ,NA            ,NA          ,NA           ,"846,914 sqft"      ,NA
6065288 ,NA                                                                    ,NA        ,NA            ,NA          ,NA           ,"858,187 sqft"      ,NA
5983681 ,NA                                                                    ,NA        ,NA            ,NA          ,NA           ,"498,918 sqft"      ,NA
7867907 ,NA                                                                    ,NA        ,NA            ,NA          ,NA           ,"1,097,409 sqft"    ,NA
2347336 ,NA                                                                    ,NA        ,NA            ,NA          ,NA           ,"358,606 sqft"      ,NA
